This is pdfTeX, Version 3.141592653-2.6-1.40.27 (TeX Live 2025) (preloaded format=pdflatex 2026.4.2)  25 APR 2026 15:34
entering extended mode
 restricted \write18 enabled.
 file:line:error style messages enabled.
 %&-line parsing enabled.
**proj.tex
(./proj.tex
LaTeX2e <2024-11-01> patch level 2
L3 programming layer <2025-01-18>
(/usr/local/texlive/2025/texmf-dist/tex/latex/memoir/memoir.cls
Document Class: memoir 2025/03/06 v3.8.3 configurable book, report, article doc
ument class
(/usr/local/texlive/2025/texmf-dist/tex/latex/xpatch/xpatch.sty
(/usr/local/texlive/2025/texmf-dist/tex/latex/l3kernel/expl3.sty
Package: expl3 2025-01-18 L3 programming layer (loader) 

(/usr/local/texlive/2025/texmf-dist/tex/latex/l3backend/l3backend-pdftex.def
File: l3backend-pdftex.def 2024-05-08 L3 backend support: PDF output (pdfTeX)
\l__color_backend_stack_int=\count196
\l__pdf_internal_box=\box52
))
Package: xpatch 2020/03/25 v0.3a Extending etoolbox patching commands

(/usr/local/texlive/2025/texmf-dist/tex/latex/l3packages/xparse/xparse.sty
Package: xparse 2024-08-16 L3 Experimental document command parser
)
(/usr/local/texlive/2025/texmf-dist/tex/latex/etoolbox/etoolbox.sty
Package: etoolbox 2025/02/11 v2.5l e-TeX tools for LaTeX (JAW)
\etb@tempcnta=\count197
))
\onelineskip=\skip49
\lxvchars=\skip50
\xlvchars=\skip51
\@memcnta=\count198
\c@@memmarkcntra=\count199

(/usr/local/texlive/2025/texmf-dist/tex/generic/iftex/iftex.sty
Package: iftex 2024/12/12 v1.0g TeX engine tests
)
\trimtop=\skip52
\trimedge=\skip53

(/usr/local/texlive/2025/texmf-dist/tex/latex/memoir/mem11.clo
File: mem11.clo 2022/07/29 v0.5 memoir class 11pt size option
)
\binding=\skip54
\spinemargin=\skip55
\foremargin=\skip56
\uppermargin=\skip57
\lowermargin=\skip58
\headdrop=\skip59
\normalrulethickness=\skip60
\mem@maxheadheight=\skip61
\mem@maxfootheight=\skip62
\headwidth=\skip63
\c@storedpagenumber=\count266
\memPD=\dimen141
\m@mabparskip=\skip64
\thanksmarkwidth=\skip65
\thanksmarksep=\skip66
\droptitle=\skip67
\c@book=\count267
\c@part=\count268
\c@chapter=\count269
\c@section=\count270
\c@subsection=\count271
\c@subsubsection=\count272
\c@paragraph=\count273
\c@subparagraph=\count274
\beforechapskip=\skip68
\midchapskip=\skip69
\afterchapskip=\skip70
\chapindent=\skip71
\bottomsectionskip=\skip72
\secindent=\skip73
\beforesecskip=\skip74
\aftersecskip=\skip75
\subsecindent=\skip76
\beforesubsecskip=\skip77
\aftersubsecskip=\skip78
\subsubsecindent=\skip79
\beforesubsubsecskip=\skip80
\aftersubsubsecskip=\skip81
\paraindent=\skip82
\beforeparaskip=\skip83
\afterparaskip=\skip84
\subparaindent=\skip85
\beforesubparaskip=\skip86
\aftersubparaskip=\skip87
\pfbreakskip=\skip88
\c@@ppsavesec=\count275
\c@@ppsaveapp=\count276
\ragrparindent=\dimen142
\everylistparindent=\dimen143
\parsepi=\skip89
\topsepi=\skip90
\itemsepi=\skip91
\parsepii=\skip92
\topsepii=\skip93
\topsepiii=\skip94
\itemsepii=\skip95
\itemsepiii=\skip96
\partopsepii=\skip97
\partopsepiii=\skip98
\m@msavetopsep=\skip99
\m@msavepartopsep=\skip100
\@enLab=\toks17
\abstitleskip=\skip101
\absleftindent=\skip102
\abs@leftindent=\dimen144
\absrightindent=\skip103
\absparindent=\skip104
\absparsep=\skip105
\c@vslineno=\count277
\c@poemline=\count278
\c@modulo@vs=\count279
\c@memfvsline=\count280
\vleftskip=\skip106
\vrightskip=\skip107
\stanzaskip=\skip108
\versewidth=\skip109
\vgap=\skip110
\vindent=\skip111
\vleftmargin=\dimen145
\c@verse=\count281
\c@chrsinstr=\count282
\beforepoemtitleskip=\skip112
\afterpoemtitleskip=\skip113
\c@poem=\count283
\beforePoemTitleskip=\skip114
\midPoemTitleskip=\skip115
\afterPoemTitleskip=\skip116

(/usr/local/texlive/2025/texmf-dist/tex/latex/tools/array.sty
Package: array 2024/10/17 v2.6g Tabular extension package (FMi)
\col@sep=\dimen146
\ar@mcellbox=\box53
\extrarowheight=\dimen147
\NC@list=\toks18
\extratabsurround=\skip117
\backup@length=\skip118
\ar@cellbox=\box54
)
(/usr/local/texlive/2025/texmf-dist/tex/latex/tools/dcolumn.sty
Package: dcolumn 2023/07/08 v1.06 decimal alignment package (DPC)
)
(/usr/local/texlive/2025/texmf-dist/tex/latex/tools/delarray.sty
Package: delarray 2014/10/28 v1.01 array delimiter package (DPC)
)
(/usr/local/texlive/2025/texmf-dist/tex/latex/tools/tabularx.sty
Package: tabularx 2023/12/11 v2.12a `tabularx' package (DPC)
\TX@col@width=\dimen148
\TX@old@table=\dimen149
\TX@old@col=\dimen150
\TX@target=\dimen151
\TX@delta=\dimen152
\TX@cols=\count284
\TX@ftn=\toks19
)
(/usr/local/texlive/2025/texmf-dist/tex/latex/booktabs/booktabs.sty
Package: booktabs 2020/01/12 v1.61803398 Publication quality tables
\heavyrulewidth=\dimen153
\lightrulewidth=\dimen154
\cmidrulewidth=\dimen155
\belowrulesep=\dimen156
\belowbottomsep=\dimen157
\aboverulesep=\dimen158
\abovetopsep=\dimen159
\cmidrulesep=\dimen160
\cmidrulekern=\dimen161
\defaultaddspace=\dimen162
\@cmidla=\count285
\@cmidlb=\count286
\@aboverulesep=\dimen163
\@belowrulesep=\dimen164
\@thisruleclass=\count287
\@lastruleclass=\count288
\@thisrulewidth=\dimen165
)
\ctableftskip=\skip119
\ctabrightskip=\skip120
\abovecolumnspenalty=\count289
\@linestogo=\count290
\@cellstogo=\count291
\@cellsincolumn=\count292
\crtok=\toks20
\@mincolumnwidth=\dimen166
\c@newflo@tctr=\count293
\mem@margin@floatbox=\box55
\@contcwidth=\skip121
\@contindw=\skip122
\abovecaptionskip=\skip123
\belowcaptionskip=\skip124
\subfloattopskip=\skip125
\subfloatcapskip=\skip126
\subfloatcaptopadj=\skip127
\subfloatbottomskip=\skip128
\subfloatlabelskip=\skip129
\subfloatcapmargin=\dimen167
\c@@contsubnum=\count294
\m@mscap@capbox=\box56
\m@mscap@fbox=\box57
\sidecapsep=\dimen168
\sidecapwidth=\dimen169
\m@m@tempdima=\dimen170
\m@mscapraise=\dimen171
\sidecapraise=\dimen172
\m@mscapmainwidth=\dimen173
\m@mscaplkern=\dimen174
\beforeepigraphskip=\skip130
\afterepigraphskip=\skip131
\epigraphwidth=\skip132
\epigraphrule=\skip133
LaTeX Info: Redefining \em on input line 7017.
LaTeX Info: Redefining \emph on input line 7025.

(/usr/local/texlive/2025/texmf-dist/tex/latex/hyperref/nameref.sty
Package: nameref 2023-11-26 v2.56 Cross-referencing by name of section

(/usr/local/texlive/2025/texmf-dist/tex/latex/refcount/refcount.sty
Package: refcount 2019/12/15 v3.6 Data extraction from label references (HO)

(/usr/local/texlive/2025/texmf-dist/tex/generic/ltxcmds/ltxcmds.sty
Package: ltxcmds 2023-12-04 v1.26 LaTeX kernel commands for general use (HO)
)
(/usr/local/texlive/2025/texmf-dist/tex/generic/infwarerr/infwarerr.sty
Package: infwarerr 2019/12/03 v1.5 Providing info/warning/error messages (HO)
))
(/usr/local/texlive/2025/texmf-dist/tex/generic/gettitlestring/gettitlestring.s
ty
Package: gettitlestring 2019/12/15 v1.6 Cleanup title references (HO)
 (/usr/local/texlive/2025/texmf-dist/tex/latex/kvoptions/kvoptions.sty
Package: kvoptions 2022-06-15 v3.15 Key value format for package options (HO)

(/usr/local/texlive/2025/texmf-dist/tex/latex/graphics/keyval.sty
Package: keyval 2022/05/29 v1.15 key=value parser (DPC)
\KV@toks@=\toks21
)
(/usr/local/texlive/2025/texmf-dist/tex/latex/kvsetkeys/kvsetkeys.sty
Package: kvsetkeys 2022-10-05 v1.19 Key value parser (HO)
)))
\c@section@level=\count295
)
\tocentryskip=\skip134
\tocbaseline=\skip135
\cftparskip=\skip136
\cftbeforebookskip=\skip137
\cftbookindent=\dimen175
\cftbooknumwidth=\dimen176
\cftbeforepartskip=\skip138
\cftpartindent=\skip139
\cftpartnumwidth=\skip140
\cftbeforechapterskip=\skip141
\cftchapterindent=\skip142
\cftchapternumwidth=\skip143
\cftbeforesectionskip=\skip144
\cftsectionindent=\skip145
\cftsectionnumwidth=\skip146
\cftbeforesubsectionskip=\skip147
\cftsubsectionindent=\skip148
\cftsubsectionnumwidth=\skip149
\cftbeforesubsubsectionskip=\skip150
\cftsubsubsectionindent=\skip151
\cftsubsubsectionnumwidth=\skip152
\cftbeforeparagraphskip=\skip153
\cftparagraphindent=\skip154
\cftparagraphnumwidth=\skip155
\cftbeforesubparagraphskip=\skip156
\cftsubparagraphindent=\skip157
\cftsubparagraphnumwidth=\skip158
\prechapterprecisshift=\dimen177
\c@maxsecnumdepth=\count296
\bibindent=\dimen178
\bibitemsep=\skip159
\indexcolsep=\skip160
\indexrule=\skip161
\indexmarkstyle=\toks22
\@indexbox=\insert252
LaTeX Info: Redefining \raggedbottom on input line 8107.
LaTeX Info: Redefining \flushbottom on input line 8111.
\glossarycolsep=\dimen179
\glossaryrule=\dimen180
\sideparvshift=\skip162
\sideins=\insert251
\sidebartopsep=\skip163
\sidebarhsep=\skip164
\sidebarvsep=\skip165
\sidebarwidth=\skip166
\footmarkwidth=\skip167
\footmarksep=\skip168
\footparindent=\skip169
\footinsdim=\skip170
\footinsv@r=\insert250
\@mpfootinsv@r=\insert249
\m@m@k=\count297
\m@m@h=\dimen181
\m@mipn@skip=\skip171
\sidefootins=\insert248
\sidefootadjust=\skip172
\sidefootheight=\skip173
\sidefoothsep=\skip174
\sidefootvsep=\skip175
\sidefootwidth=\skip176
\m@mdownsf=\skip177
\c@sidefootnote=\count298
\sidefootmarkwidth=\skip178
\sidefootmarksep=\skip179
\sidefootparindent=\skip180
\c@pagenote=\count299
\c@pagenoteshadow=\count300
\mem@pn@lastkern=\skip181

(/usr/local/texlive/2025/texmf-dist/tex/latex/tools/verbatim.sty
Package: verbatim 2024-01-22 v1.5x LaTeX2e package for verbatim enhancements
\every@verbatim=\toks23
\verbatim@line=\toks24
\verbatim@in@stream=\read2
)
\verbatimindent=\skip182
\verbatim@out=\write3

(/usr/local/texlive/2025/texmf-dist/tex/latex/base/shortvrb.sty
Package: shortvrb 2024/10/23 v3.0q Standard LaTeX documentation package V3 (FMi
)
)
\bvboxsep=\skip183
\c@memfbvline=\count301
\c@bvlinectr=\count302
\bvnumlength=\skip184
\fb@frw=\dimen182
\fb@frh=\dimen183
\FrameRule=\dimen184
\FrameSep=\dimen185
\c@cp@cntr=\count303
\c@ism@mctr=\count304
\c@xsm@mctr=\count305
\c@csm@mctr=\count306
\c@ksm@mctr=\count307
\c@xksm@mctr=\count308
\c@cksm@mctr=\count309
\c@msm@mctr=\count310
\c@xmsm@mctr=\count311
\c@cmsm@mctr=\count312
\c@bsm@mctr=\count313
\c@workm@mctr=\count314
\c@sheetsequence=\count315
\c@lastsheet=\count316
\c@lastpage=\count317

(/usr/local/texlive/2025/texmf-dist/tex/latex/textcase/textcase.sty
Package: textcase 2025/02/16 v1.05 Text only upper/lower case changing (DPC)
Package textcase Info: Defining Legacy names on input line 20.
)
\c@figure=\count318
\c@lofdepth=\count319
\cftbeforefigureskip=\skip185
\cftfigureindent=\skip186
\cftfigurenumwidth=\skip187
\c@table=\count320
\c@lotdepth=\count321
\cftbeforetableskip=\skip188
\cfttableindent=\skip189
\cfttablenumwidth=\skip190
Package abstract [2008/07/23] emulated by memoir.
Package appendix [2008/07/23] emulated by memoir.
Package ccaption [2008/07/23] emulated by memoir.
Package changepage [2008/07/23] emulated by memoir.
Package chngcntr [2008/07/23] emulated by memoir.
Package chngpage [2008/07/23] emulated by memoir.
Package crop emulated by memoir.
Package enumerate [2008/07/23] emulated by memoir.
Package epigraph [2008/07/23] emulated by memoir.
Package ifmtarg [2008/07/23] emulated by memoir.
Package index [2008/07/23] emulated by memoir.
Package makeidx [2008/07/23] emulated by memoir.
Package moreverb [2008/07/23] emulated by memoir.
Package needspace [2008/07/23] emulated by memoir.
Package newfile [2008/07/23] emulated by memoir.
Package nextpage [2008/07/23] emulated by memoir.
Package pagenote [2008/07/23] emulated by memoir.
Package parskip [2008/07/23] emulated by memoir.
Package patchcmd [2008/07/23] emulated by memoir.
Package setspace [2008/07/23] emulated by memoir.
Package showidx [2008/07/23] emulated by memoir.
Package titleref [2008/07/23] emulated by memoir.
Package titling [2008/07/23] emulated by memoir.
Package tocbibind [2008/07/23] emulated by memoir.
Package tocloft [2008/07/23] emulated by memoir.
Package tocvsec2 [2008/07/23] emulated by memoir.
Package verse [2008/07/23] emulated by memoir.
)
(./raeez-math-template.sty
Package: raeez-math-template 2026/04/24 shared mathematical monograph template

(/usr/local/texlive/2025/texmf-dist/tex/generic/pdftex/glyphtounicode.tex)
(/usr/local/texlive/2025/texmf-dist/tex/latex/cmap/cmap.sty
Package: cmap 2021/02/06 v1.0j CMap support: searchable PDF
)
(/usr/local/texlive/2025/texmf-dist/tex/latex/base/fontenc.sty
Package: fontenc 2021/04/29 v2.0v Standard LaTeX package
<<t1.cmap>>)
(/usr/local/texlive/2025/texmf-dist/tex/latex/base/inputenc.sty
Package: inputenc 2024/02/08 v1.3d Input encoding file
\inpenc@prehook=\toks25
\inpenc@posthook=\toks26
)
(/usr/local/texlive/2025/texmf-dist/tex/latex/lm/lmodern.sty
Package: lmodern 2015/05/01 v1.6.1 Latin Modern Fonts
LaTeX Font Info:    Overwriting symbol font `operators' in version `normal'
(Font)                  OT1/cmr/m/n --> OT1/lmr/m/n on input line 22.
LaTeX Font Info:    Overwriting symbol font `letters' in version `normal'
(Font)                  OML/cmm/m/it --> OML/lmm/m/it on input line 23.
LaTeX Font Info:    Overwriting symbol font `symbols' in version `normal'
(Font)                  OMS/cmsy/m/n --> OMS/lmsy/m/n on input line 24.
LaTeX Font Info:    Overwriting symbol font `largesymbols' in version `normal'
(Font)                  OMX/cmex/m/n --> OMX/lmex/m/n on input line 25.
LaTeX Font Info:    Overwriting symbol font `operators' in version `bold'
(Font)                  OT1/cmr/bx/n --> OT1/lmr/bx/n on input line 26.
LaTeX Font Info:    Overwriting symbol font `letters' in version `bold'
(Font)                  OML/cmm/b/it --> OML/lmm/b/it on input line 27.
LaTeX Font Info:    Overwriting symbol font `symbols' in version `bold'
(Font)                  OMS/cmsy/b/n --> OMS/lmsy/b/n on input line 28.
LaTeX Font Info:    Overwriting symbol font `largesymbols' in version `bold'
(Font)                  OMX/cmex/m/n --> OMX/lmex/m/n on input line 29.
LaTeX Font Info:    Overwriting math alphabet `\mathbf' in version `normal'
(Font)                  OT1/cmr/bx/n --> OT1/lmr/bx/n on input line 31.
LaTeX Font Info:    Overwriting math alphabet `\mathsf' in version `normal'
(Font)                  OT1/cmss/m/n --> OT1/lmss/m/n on input line 32.
LaTeX Font Info:    Overwriting math alphabet `\mathit' in version `normal'
(Font)                  OT1/cmr/m/it --> OT1/lmr/m/it on input line 33.
LaTeX Font Info:    Overwriting math alphabet `\mathtt' in version `normal'
(Font)                  OT1/cmtt/m/n --> OT1/lmtt/m/n on input line 34.
LaTeX Font Info:    Overwriting math alphabet `\mathbf' in version `bold'
(Font)                  OT1/cmr/bx/n --> OT1/lmr/bx/n on input line 35.
LaTeX Font Info:    Overwriting math alphabet `\mathsf' in version `bold'
(Font)                  OT1/cmss/bx/n --> OT1/lmss/bx/n on input line 36.
LaTeX Font Info:    Overwriting math alphabet `\mathit' in version `bold'
(Font)                  OT1/cmr/bx/it --> OT1/lmr/bx/it on input line 37.
LaTeX Font Info:    Overwriting math alphabet `\mathtt' in version `bold'
(Font)                  OT1/cmtt/m/n --> OT1/lmtt/m/n on input line 38.
)
(/usr/local/texlive/2025/texmf-dist/tex/latex/ebgaramond/ebgaramond.sty
Package: ebgaramond 2024/04/23 (Bob Tennent and autoinst) Style file for EB Gar
amond fonts.

(/usr/local/texlive/2025/texmf-dist/tex/generic/iftex/ifxetex.sty
Package: ifxetex 2019/10/25 v0.7 ifxetex legacy package. Use iftex instead.
)
(/usr/local/texlive/2025/texmf-dist/tex/generic/iftex/ifluatex.sty
Package: ifluatex 2019/10/25 v1.5 ifluatex legacy package. Use iftex instead.
)
(/usr/local/texlive/2025/texmf-dist/tex/latex/xkeyval/xkeyval.sty
Package: xkeyval 2022/06/16 v2.9 package option processing (HA)

(/usr/local/texlive/2025/texmf-dist/tex/generic/xkeyval/xkeyval.tex
(/usr/local/texlive/2025/texmf-dist/tex/generic/xkeyval/xkvutils.tex
\XKV@toks=\toks27
\XKV@tempa@toks=\toks28
)
\XKV@depth=\count322
File: xkeyval.tex 2014/12/03 v2.7a key=value parser (HA)
))
(/usr/local/texlive/2025/texmf-dist/tex/latex/base/textcomp.sty
Package: textcomp 2024/04/24 v2.1b Standard LaTeX package
)
(/usr/local/texlive/2025/texmf-dist/tex/latex/base/fontenc.sty
Package: fontenc 2021/04/29 v2.0v Standard LaTeX package
LaTeX Font Info:    Trying to load font information for T1+lmr on input line 11
6.

(/usr/local/texlive/2025/texmf-dist/tex/latex/lm/t1lmr.fd
File: t1lmr.fd 2015/05/01 v1.6.1 Font defs for Latin Modern
))
(/usr/local/texlive/2025/texmf-dist/tex/latex/fontaxes/fontaxes.sty
Package: fontaxes 2020/07/21 v1.0e Font selection axes
LaTeX Info: Redefining \upshape on input line 29.
LaTeX Info: Redefining \itshape on input line 31.
LaTeX Info: Redefining \slshape on input line 33.
LaTeX Info: Redefining \swshape on input line 35.
LaTeX Info: Redefining \scshape on input line 37.
LaTeX Info: Redefining \sscshape on input line 39.
LaTeX Info: Redefining \ulcshape on input line 41.
LaTeX Info: Redefining \textsw on input line 47.
LaTeX Info: Redefining \textssc on input line 48.
LaTeX Info: Redefining \textulc on input line 49.
)
LaTeX Info: Redefining \oldstylenums on input line 163.
LaTeX Info: Redefining \textsw on input line 173.
)
(/usr/local/texlive/2025/texmf-dist/tex/latex/sourcesanspro/sourcesanspro.sty
Package: sourcesanspro 2018/05/19 v2.7 Adobe's Source Sans Pro typeface

(/usr/local/texlive/2025/texmf-dist/tex/latex/base/fontenc.sty
Package: fontenc 2021/04/29 v2.0v Standard LaTeX package

(/usr/local/texlive/2025/texmf-dist/tex/latex/ly1/ly1enc.def
File: ly1enc.def 2022/06/11 v0.8 TeX 'n ANSI encoding (DPC/KB)
Now handling font encoding LY1 ...
... processing UTF-8 mapping file for font encoding LY1

(/usr/local/texlive/2025/texmf-dist/tex/latex/base/ly1enc.dfu
File: ly1enc.dfu 2022/06/07 v1.3c UTF-8 support
   defining Unicode char U+00A0 (decimal 160)
   defining Unicode char U+00A1 (decimal 161)
   defining Unicode char U+00A2 (decimal 162)
   defining Unicode char U+00A3 (decimal 163)
   defining Unicode char U+00A4 (decimal 164)
   defining Unicode char U+00A5 (decimal 165)
   defining Unicode char U+00A6 (decimal 166)
   defining Unicode char U+00A7 (decimal 167)
   defining Unicode char U+00AA (decimal 170)
   defining Unicode char U+00AB (decimal 171)
   defining Unicode char U+00AD (decimal 173)
   defining Unicode char U+00AE (decimal 174)
   defining Unicode char U+00B0 (decimal 176)
   defining Unicode char U+00B5 (decimal 181)
   defining Unicode char U+00B6 (decimal 182)
   defining Unicode char U+00B7 (decimal 183)
   defining Unicode char U+00BA (decimal 186)
   defining Unicode char U+00BB (decimal 187)
   defining Unicode char U+00BC (decimal 188)
   defining Unicode char U+00BD (decimal 189)
   defining Unicode char U+00BE (decimal 190)
   defining Unicode char U+00BF (decimal 191)
   defining Unicode char U+00C0 (decimal 192)
   defining Unicode char U+00C1 (decimal 193)
   defining Unicode char U+00C2 (decimal 194)
   defining Unicode char U+00C3 (decimal 195)
   defining Unicode char U+00C4 (decimal 196)
   defining Unicode char U+00C5 (decimal 197)
   defining Unicode char U+00C6 (decimal 198)
   defining Unicode char U+00C7 (decimal 199)
   defining Unicode char U+00C8 (decimal 200)
   defining Unicode char U+00C9 (decimal 201)
   defining Unicode char U+00CA (decimal 202)
   defining Unicode char U+00CB (decimal 203)
   defining Unicode char U+00CC (decimal 204)
   defining Unicode char U+00CD (decimal 205)
   defining Unicode char U+00CE (decimal 206)
   defining Unicode char U+00CF (decimal 207)
   defining Unicode char U+00D0 (decimal 208)
   defining Unicode char U+00D1 (decimal 209)
   defining Unicode char U+00D2 (decimal 210)
   defining Unicode char U+00D3 (decimal 211)
   defining Unicode char U+00D4 (decimal 212)
   defining Unicode char U+00D5 (decimal 213)
   defining Unicode char U+00D6 (decimal 214)
   defining Unicode char U+00D8 (decimal 216)
   defining Unicode char U+00D9 (decimal 217)
   defining Unicode char U+00DA (decimal 218)
   defining Unicode char U+00DB (decimal 219)
   defining Unicode char U+00DC (decimal 220)
   defining Unicode char U+00DD (decimal 221)
   defining Unicode char U+00DE (decimal 222)
   defining Unicode char U+00DF (decimal 223)
   defining Unicode char U+00E0 (decimal 224)
   defining Unicode char U+00E1 (decimal 225)
   defining Unicode char U+00E2 (decimal 226)
   defining Unicode char U+00E3 (decimal 227)
   defining Unicode char U+00E4 (decimal 228)
   defining Unicode char U+00E5 (decimal 229)
   defining Unicode char U+00E6 (decimal 230)
   defining Unicode char U+00E7 (decimal 231)
   defining Unicode char U+00E8 (decimal 232)
   defining Unicode char U+00E9 (decimal 233)
   defining Unicode char U+00EA (decimal 234)
   defining Unicode char U+00EB (decimal 235)
   defining Unicode char U+00EC (decimal 236)
   defining Unicode char U+00ED (decimal 237)
   defining Unicode char U+00EE (decimal 238)
   defining Unicode char U+00EF (decimal 239)
   defining Unicode char U+00F0 (decimal 240)
   defining Unicode char U+00F1 (decimal 241)
   defining Unicode char U+00F2 (decimal 242)
   defining Unicode char U+00F3 (decimal 243)
   defining Unicode char U+00F4 (decimal 244)
   defining Unicode char U+00F5 (decimal 245)
   defining Unicode char U+00F6 (decimal 246)
   defining Unicode char U+00F8 (decimal 248)
   defining Unicode char U+00F9 (decimal 249)
   defining Unicode char U+00FA (decimal 250)
   defining Unicode char U+00FB (decimal 251)
   defining Unicode char U+00FC (decimal 252)
   defining Unicode char U+00FD (decimal 253)
   defining Unicode char U+00FE (decimal 254)
   defining Unicode char U+00FF (decimal 255)
   defining Unicode char U+0131 (decimal 305)
   defining Unicode char U+0141 (decimal 321)
   defining Unicode char U+0142 (decimal 322)
   defining Unicode char U+0152 (decimal 338)
   defining Unicode char U+0153 (decimal 339)
   defining Unicode char U+0160 (decimal 352)
   defining Unicode char U+0161 (decimal 353)
   defining Unicode char U+0174 (decimal 372)
   defining Unicode char U+0175 (decimal 373)
   defining Unicode char U+0176 (decimal 374)
   defining Unicode char U+0177 (decimal 375)
   defining Unicode char U+0178 (decimal 376)
   defining Unicode char U+017D (decimal 381)
   defining Unicode char U+017E (decimal 382)
   defining Unicode char U+0192 (decimal 402)
   defining Unicode char U+0218 (decimal 536)
   defining Unicode char U+0219 (decimal 537)
   defining Unicode char U+021A (decimal 538)
   defining Unicode char U+021B (decimal 539)
   defining Unicode char U+0237 (decimal 567)
   defining Unicode char U+02C6 (decimal 710)
   defining Unicode char U+02DC (decimal 732)
   defining Unicode char U+2013 (decimal 8211)
   defining Unicode char U+2014 (decimal 8212)
   defining Unicode char U+201C (decimal 8220)
   defining Unicode char U+201D (decimal 8221)
   defining Unicode char U+2020 (decimal 8224)
   defining Unicode char U+2021 (decimal 8225)
   defining Unicode char U+2022 (decimal 8226)
   defining Unicode char U+2026 (decimal 8230)
   defining Unicode char U+2030 (decimal 8240)
   defining Unicode char U+2039 (decimal 8249)
   defining Unicode char U+203A (decimal 8250)
   defining Unicode char U+2122 (decimal 8482)
   defining Unicode char U+FB00 (decimal 64256)
   defining Unicode char U+FB01 (decimal 64257)
   defining Unicode char U+FB02 (decimal 64258)
   defining Unicode char U+FB03 (decimal 64259)
   defining Unicode char U+FB04 (decimal 64260)
   defining Unicode char U+FB05 (decimal 64261)
   defining Unicode char U+FB06 (decimal 64262)
))
LaTeX Font Info:    Trying to load font information for T1+EBGaramond-OsF on in
put line 116.

(/usr/local/texlive/2025/texmf-dist/tex/latex/ebgaramond/T1EBGaramond-OsF.fd
File: T1EBGaramond-OsF.fd 2023/03/19 (autoinst) Font definitions for T1/EBGaram
ond-OsF.
)
LaTeX Font Info:    Font shape `T1/EBGaramond-OsF/m/n' will be
(Font)              scaled to size 10.95pt on input line 116.
)) (/usr/local/texlive/2025/texmf-dist/tex/latex/inconsolata/inconsolata.sty
Package: inconsolata 2019/05/17 v1.12

`inconsolata-zi4' v1.12, 2019/05/17 Text macros for Inconsolata (msharpe)
\zifour@ocount=\count323
)
(/usr/local/texlive/2025/texmf-dist/tex/latex/inconsolata/t1zi4.fd
File: t1zi4.fd 2018/01/14 T1/zi4 (Inconsolata)
)
(/usr/local/texlive/2025/texmf-dist/tex/latex/newtx/newtxmath.sty
Package: newtxmath 2024/09/22 v1.754

`newtxmath' v1.754, 2024/09/22 Math macros based originally on txfonts (msharpe
) (/usr/local/texlive/2025/texmf-dist/tex/latex/amsmath/amsmath.sty
Package: amsmath 2024/11/05 v2.17t AMS math features
\@mathmargin=\skip191

For additional information on amsmath, use the `?' option.
(/usr/local/texlive/2025/texmf-dist/tex/latex/amsmath/amstext.sty
Package: amstext 2021/08/26 v2.01 AMS text

(/usr/local/texlive/2025/texmf-dist/tex/latex/amsmath/amsgen.sty
File: amsgen.sty 1999/11/30 v2.0 generic functions
\@emptytoks=\toks29
\ex@=\dimen186
))
(/usr/local/texlive/2025/texmf-dist/tex/latex/amsmath/amsbsy.sty
Package: amsbsy 1999/11/29 v1.2d Bold Symbols
\pmbraise@=\dimen187
)
(/usr/local/texlive/2025/texmf-dist/tex/latex/amsmath/amsopn.sty
Package: amsopn 2022/04/08 v2.04 operator names
)
\inf@bad=\count324
LaTeX Info: Redefining \frac on input line 233.
\uproot@=\count325
\leftroot@=\count326
LaTeX Info: Redefining \overline on input line 398.
LaTeX Info: Redefining \colon on input line 409.
\classnum@=\count327
\DOTSCASE@=\count328
LaTeX Info: Redefining \ldots on input line 495.
LaTeX Info: Redefining \dots on input line 498.
LaTeX Info: Redefining \cdots on input line 619.
\Mathstrutbox@=\box58
\strutbox@=\box59
LaTeX Info: Redefining \big on input line 721.
LaTeX Info: Redefining \Big on input line 722.
LaTeX Info: Redefining \bigg on input line 723.
LaTeX Info: Redefining \Bigg on input line 724.
\big@size=\dimen188
LaTeX Font Info:    Redeclaring font encoding OML on input line 742.
LaTeX Font Info:    Redeclaring font encoding OMS on input line 743.
\macc@depth=\count329
LaTeX Info: Redefining \bmod on input line 904.
LaTeX Info: Redefining \pmod on input line 909.
LaTeX Info: Redefining \smash on input line 939.
LaTeX Info: Redefining \relbar on input line 969.
LaTeX Info: Redefining \Relbar on input line 970.
\c@MaxMatrixCols=\count330
\dotsspace@=\muskip17
\c@parentequation=\count331
\dspbrk@lvl=\count332
\tag@help=\toks30
\row@=\count333
\column@=\count334
\maxfields@=\count335
\andhelp@=\toks31
\eqnshift@=\dimen189
\alignsep@=\dimen190
\tagshift@=\dimen191
\tagwidth@=\dimen192
\totwidth@=\dimen193
\lineht@=\dimen194
\@envbody=\toks32
\multlinegap=\skip192
\multlinetaggap=\skip193
\mathdisplay@stack=\toks33
LaTeX Info: Redefining \[ on input line 2953.
LaTeX Info: Redefining \] on input line 2954.
)
(/usr/local/texlive/2025/texmf-dist/tex/latex/base/ifthen.sty
Package: ifthen 2024/03/16 v1.1e Standard LaTeX ifthen package (DPC)
)
(/usr/local/texlive/2025/texmf-dist/tex/latex/oberdiek/centernot.sty
Package: centernot 2016/05/16 v1.4 Centers the not symbol horizontally (HO)
)
\tx@cntz=\count336

(/usr/local/texlive/2025/texmf-dist/tex/generic/kastrup/binhex.tex)
\tx@Isdigit=\count337
\tx@IsAlNum=\count338
\tx@tA=\toks34
\tx@tB=\toks35
\tx@su=\read3

amsthm NOT loaded
LaTeX Font Info:    Redeclaring symbol font `operators' on input line 402.
LaTeX Font Info:    Encoding `OT1' has changed to `T1' for symbol font
(Font)              `operators' in the math version `normal' on input line 402.

LaTeX Font Info:    Overwriting symbol font `operators' in version `normal'
(Font)                  OT1/lmr/m/n --> T1/EBGaramond-OsF/m/n on input line 402
.
LaTeX Font Info:    Encoding `OT1' has changed to `T1' for symbol font
(Font)              `operators' in the math version `bold' on input line 402.
LaTeX Font Info:    Overwriting symbol font `operators' in version `bold'
(Font)                  OT1/lmr/bx/n --> T1/EBGaramond-OsF/m/n on input line 40
2.
LaTeX Font Info:    Overwriting symbol font `operators' in version `bold'
(Font)                  T1/EBGaramond-OsF/m/n --> T1/EBGaramond-OsF/b/n on inpu
t line 403.
LaTeX Font Info:    Redeclaring math alphabet \mathsf on input line 410.
LaTeX Font Info:    Overwriting math alphabet `\mathsf' in version `normal'
(Font)                  OT1/lmss/m/n --> OT1/SourceSansPro-TLF/m/n on input lin
e 410.
LaTeX Font Info:    Overwriting math alphabet `\mathsf' in version `bold'
(Font)                  OT1/lmss/bx/n --> OT1/SourceSansPro-TLF/m/n on input li
ne 410.
LaTeX Font Info:    Overwriting math alphabet `\mathsf' in version `bold'
(Font)                  OT1/SourceSansPro-TLF/m/n --> OT1/SourceSansPro-TLF/b/n
 on input line 412.
LaTeX Font Info:    Redeclaring math alphabet \mathit on input line 419.
LaTeX Font Info:    Overwriting math alphabet `\mathit' in version `normal'
(Font)                  OT1/lmr/m/it --> T1/EBGaramond-OsF/m/it on input line 4
19.
LaTeX Font Info:    Overwriting math alphabet `\mathit' in version `bold'
(Font)                  OT1/lmr/bx/it --> T1/EBGaramond-OsF/m/it on input line 
419.
LaTeX Font Info:    Redeclaring math alphabet \mathtt on input line 420.
LaTeX Font Info:    Overwriting math alphabet `\mathtt' in version `normal'
(Font)                  OT1/lmtt/m/n --> T1/zi4/m/n on input line 420.
LaTeX Font Info:    Overwriting math alphabet `\mathtt' in version `bold'
(Font)                  OT1/lmtt/m/n --> T1/zi4/m/n on input line 420.
LaTeX Font Info:    Redeclaring math alphabet \mathbf on input line 422.
LaTeX Font Info:    Overwriting math alphabet `\mathbf' in version `normal'
(Font)                  OT1/lmr/bx/n --> T1/EBGaramond-OsF/b/n on input line 42
2.
LaTeX Font Info:    Overwriting math alphabet `\mathbf' in version `bold'
(Font)                  OT1/lmr/bx/n --> T1/EBGaramond-OsF/b/n on input line 42
2.
LaTeX Font Info:    Overwriting math alphabet `\mathit' in version `bold'
(Font)                  T1/EBGaramond-OsF/m/it --> T1/EBGaramond-OsF/b/it on in
put line 423.
LaTeX Font Info:    Overwriting math alphabet `\mathtt' in version `bold'
(Font)                  T1/zi4/m/n --> T1/zi4/b/n on input line 426.
LaTeX Font Info:    Redeclaring symbol font `letters' on input line 498.
LaTeX Font Info:    Overwriting symbol font `letters' in version `normal'
(Font)                  OML/lmm/m/it --> OML/ntxebgmi/m/it on input line 498.
LaTeX Font Info:    Overwriting symbol font `letters' in version `bold'
(Font)                  OML/lmm/b/it --> OML/ntxebgmi/m/it on input line 498.
LaTeX Font Info:    Overwriting symbol font `letters' in version `bold'
(Font)                  OML/ntxebgmi/m/it --> OML/ntxebgmi/b/it on input line 4
99.
\symlettersA=\mathgroup4
LaTeX Font Info:    Overwriting symbol font `lettersA' in version `bold'
(Font)                  U/ntxmia/m/it --> U/ntxmia/b/it on input line 582.
Now handling font encoding LMS ...
... no UTF-8 mapping file for font encoding LMS
LaTeX Font Info:    Redeclaring symbol font `symbols' on input line 604.
LaTeX Font Info:    Encoding `OMS' has changed to `LMS' for symbol font
(Font)              `symbols' in the math version `normal' on input line 604.
LaTeX Font Info:    Overwriting symbol font `symbols' in version `normal'
(Font)                  OMS/lmsy/m/n --> LMS/ntxsy/m/n on input line 604.
LaTeX Font Info:    Encoding `OMS' has changed to `LMS' for symbol font
(Font)              `symbols' in the math version `bold' on input line 604.
LaTeX Font Info:    Overwriting symbol font `symbols' in version `bold'
(Font)                  OMS/lmsy/b/n --> LMS/ntxsy/m/n on input line 604.
LaTeX Font Info:    Overwriting symbol font `symbols' in version `bold'
(Font)                  LMS/ntxsy/m/n --> LMS/ntxsy/b/n on input line 605.
\symsymbolsC=\mathgroup5
LaTeX Font Info:    Overwriting symbol font `symbolsC' in version `bold'
(Font)                  U/ntxsyc/m/n --> U/ntxsyc/b/n on input line 651.
Now handling font encoding LMX ...
... no UTF-8 mapping file for font encoding LMX
LaTeX Font Info:    Redeclaring symbol font `largesymbols' on input line 664.
LaTeX Font Info:    Encoding `OMX' has changed to `LMX' for symbol font
(Font)              `largesymbols' in the math version `normal' on input line 6
64.
LaTeX Font Info:    Overwriting symbol font `largesymbols' in version `normal'
(Font)                  OMX/lmex/m/n --> LMX/ntxexx/m/n on input line 664.
LaTeX Font Info:    Encoding `OMX' has changed to `LMX' for symbol font
(Font)              `largesymbols' in the math version `bold' on input line 664
.
LaTeX Font Info:    Overwriting symbol font `largesymbols' in version `bold'
(Font)                  OMX/lmex/m/n --> LMX/ntxexx/m/n on input line 664.
LaTeX Font Info:    Overwriting symbol font `largesymbols' in version `bold'
(Font)                  LMX/ntxexx/m/n --> LMX/ntxexx/b/n on input line 665.
\symlargesymbolsTXA=\mathgroup6
LaTeX Font Info:    Overwriting symbol font `largesymbolsTXA' in version `bold'

(Font)                  U/ntxexa/m/n --> U/ntxexa/b/n on input line 679.
\tx@sbptoks=\toks36
LaTeX Font Info:    Redeclaring math delimiter \lfloor on input line 902.
LaTeX Font Info:    Redeclaring math delimiter \rfloor on input line 903.
LaTeX Font Info:    Redeclaring math delimiter \lceil on input line 904.
LaTeX Font Info:    Redeclaring math delimiter \rceil on input line 905.
LaTeX Font Info:    Redeclaring math delimiter \lbrace on input line 910.
LaTeX Font Info:    Redeclaring math delimiter \rbrace on input line 911.
LaTeX Font Info:    Redeclaring math delimiter \langle on input line 913.
LaTeX Font Info:    Redeclaring math delimiter \rangle on input line 915.
LaTeX Font Info:    Redeclaring math delimiter \arrowvert on input line 919.
LaTeX Font Info:    Redeclaring math delimiter \vert on input line 920.
LaTeX Font Info:    Redeclaring math symbol \hbar on input line 966.
LaTeX Font Info:    Redeclaring math accent \dot on input line 991.
LaTeX Font Info:    Redeclaring math accent \ddot on input line 992.
LaTeX Font Info:    Redeclaring math accent \grave on input line 1000.
LaTeX Font Info:    Redeclaring math accent \acute on input line 1001.
LaTeX Font Info:    Redeclaring math accent \check on input line 1002.
LaTeX Font Info:    Redeclaring math accent \breve on input line 1003.
LaTeX Font Info:    Redeclaring math accent \bar on input line 1004.
LaTeX Font Info:    Redeclaring math accent \mathring on input line 1005.
LaTeX Font Info:    Redeclaring math accent \hat on input line 1006.
LaTeX Font Info:    Redeclaring math accent \tilde on input line 1007.
LaTeX Font Info:    Redeclaring math accent \vec on input line 2057.
LaTeX Info: Redefining \not on input line 2995.
) (/usr/local/texlive/2025/texmf-dist/tex/latex/microtype/microtype.sty
Package: microtype 2025/02/11 v3.2a Micro-typographical refinements (RS)
\MT@toks=\toks37
\MT@tempbox=\box60
\MT@count=\count339
LaTeX Info: Redefining \noprotrusionifhmode on input line 1087.
LaTeX Info: Redefining \leftprotrusion on input line 1088.
\MT@prot@toks=\toks38
LaTeX Info: Redefining \rightprotrusion on input line 1107.
LaTeX Info: Redefining \textls on input line 1449.
\MT@outer@kern=\dimen195
LaTeX Info: Redefining \microtypecontext on input line 2053.
LaTeX Info: Redefining \textmicrotypecontext on input line 2070.
\MT@listname@count=\count340

(/usr/local/texlive/2025/texmf-dist/tex/latex/microtype/microtype-pdftex.def
File: microtype-pdftex.def 2025/02/11 v3.2a Definitions specific to pdftex (RS)

LaTeX Info: Redefining \lsstyle on input line 944.
LaTeX Info: Redefining \lslig on input line 944.
\MT@outer@space=\skip194
)
Package microtype Info: Loading configuration file microtype.cfg.

(/usr/local/texlive/2025/texmf-dist/tex/latex/microtype/microtype.cfg
File: microtype.cfg 2025/02/11 v3.2a microtype main configuration file (RS)
)
LaTeX Info: Redefining \microtypesetup on input line 3065.
)
(/usr/local/texlive/2025/texmf-dist/tex/generic/mleftright/mleftright.sty
Package: mleftright 2019/12/03 v1.2 Math left/right delim. as open/close (HO)
)
(/usr/local/texlive/2025/texmf-dist/tex/latex/amscls/amsthm.sty
Package: amsthm 2020/05/29 v2.20.6
\thm@style=\toks39
\thm@bodyfont=\toks40
\thm@headfont=\toks41
\thm@notefont=\toks42
\thm@headpunct=\toks43
\thm@preskip=\skip195
\thm@postskip=\skip196
\thm@headsep=\skip197
\dth@everypar=\toks44
LaTeX Info: Redefining \textsquare on input line 427.
)
(/usr/local/texlive/2025/texmf-dist/tex/latex/amsfonts/amssymb.sty
Package: amssymb 2013/01/14 v3.01 AMS font symbols

(/usr/local/texlive/2025/texmf-dist/tex/latex/amsfonts/amsfonts.sty
Package: amsfonts 2013/01/14 v3.01 Basic AMSFonts support
\symAMSa=\mathgroup7
\symAMSb=\mathgroup8
)
LaTeX Font Info:    Redeclaring math symbol \varnothing on input line 234.
LaTeX Font Info:    Redeclaring math symbol \nexists on input line 235.
LaTeX Font Info:    Redeclaring math symbol \varkappa on input line 260.
LaTeX Font Info:    Redeclaring math symbol \hslash on input line 262.
)
(/usr/local/texlive/2025/texmf-dist/tex/latex/amsrefs/amsrefs.sty
Package: amsrefs 2013/03/07 v2.14

(/usr/local/texlive/2025/texmf-dist/tex/latex/url/url.sty
\Urlmuskip=\muskip18
Package: url 2013/09/16  ver 3.4  Verb mode for urls, etc.
)
(/usr/local/texlive/2025/texmf-dist/tex/latex/amsrefs/pcatcode.sty
Package: pcatcode 2002/04/16 v1.04
)
(/usr/local/texlive/2025/texmf-dist/tex/latex/amsrefs/ifoption.sty
Package: ifoption 2002/03/04 v1.02
)
(/usr/local/texlive/2025/texmf-dist/tex/latex/amsrefs/rkeyval.sty
Package: rkeyval 2004/05/05 v1.08
\@temptokenb=\toks45
\rsk@toks=\toks46
)
(/usr/local/texlive/2025/texmf-dist/tex/latex/amsrefs/textcmds.sty
Package: textcmds 2012/08/02 v2.00
)
(/usr/local/texlive/2025/texmf-dist/tex/latex/amsrefs/mathscinet.sty
Package: mathscinet 2002/04/17 v1.05
)
\c@bib=\count341
\@maxlabelwidth=\dimen196
\c@bib@env=\count342
\bib@dbfile=\read4
\alpha@suffix=\count343
\series@index=\count344
)
(/usr/local/texlive/2025/texmf-dist/tex/latex/mathtools/mathtools.sty
Package: mathtools 2024/10/04 v1.31 mathematical typesetting tools

(/usr/local/texlive/2025/texmf-dist/tex/latex/tools/calc.sty
Package: calc 2023/07/08 v4.3 Infix arithmetic (KKT,FJ)
\calc@Acount=\count345
\calc@Bcount=\count346
\calc@Adimen=\dimen197
\calc@Bdimen=\dimen198
\calc@Askip=\skip198
\calc@Bskip=\skip199
LaTeX Info: Redefining \setlength on input line 80.
LaTeX Info: Redefining \addtolength on input line 81.
\calc@Ccount=\count347
\calc@Cskip=\skip256
)
(/usr/local/texlive/2025/texmf-dist/tex/latex/mathtools/mhsetup.sty
Package: mhsetup 2021/03/18 v1.4 programming setup (MH)
)
\g_MT_multlinerow_int=\count348
\l_MT_multwidth_dim=\dimen199
\origjot=\skip257
\l_MT_shortvdotswithinadjustabove_dim=\dimen256
\l_MT_shortvdotswithinadjustbelow_dim=\dimen257
\l_MT_above_intertext_sep=\dimen258
\l_MT_below_intertext_sep=\dimen259
\l_MT_above_shortintertext_sep=\dimen260
\l_MT_below_shortintertext_sep=\dimen261
\xmathstrut@box=\box61
\xmathstrut@dim=\dimen262
)
(/usr/local/texlive/2025/texmf-dist/tex/latex/graphics/graphicx.sty
Package: graphicx 2021/09/16 v1.2d Enhanced LaTeX Graphics (DPC,SPQR)

(/usr/local/texlive/2025/texmf-dist/tex/latex/graphics/graphics.sty
Package: graphics 2024/08/06 v1.4g Standard LaTeX Graphics (DPC,SPQR)

(/usr/local/texlive/2025/texmf-dist/tex/latex/graphics/trig.sty
Package: trig 2023/12/02 v1.11 sin cos tan (DPC)
)
(/usr/local/texlive/2025/texmf-dist/tex/latex/graphics-cfg/graphics.cfg
File: graphics.cfg 2016/06/04 v1.11 sample graphics configuration
)
Package graphics Info: Driver file: pdftex.def on input line 106.

(/usr/local/texlive/2025/texmf-dist/tex/latex/graphics-def/pdftex.def
File: pdftex.def 2024/04/13 v1.2c Graphics/color driver for pdftex
))
\Gin@req@height=\dimen263
\Gin@req@width=\dimen264
)
(/usr/local/texlive/2025/texmf-dist/tex/latex/float/float.sty
Package: float 2001/11/08 v1.3d Float enhancements (AL)
\c@float@type=\count349
\float@exts=\toks47
\float@box=\box62
\@float@everytoks=\toks48
\@floatcapt=\box63
)
(/usr/local/texlive/2025/texmf-dist/tex/latex/tikz-cd/tikz-cd.sty
Package: tikz-cd 2021/05/04 v1.0 Commutative diagrams with TikZ

(/usr/local/texlive/2025/texmf-dist/tex/latex/pgf/frontendlayer/tikz.sty
(/usr/local/texlive/2025/texmf-dist/tex/latex/pgf/basiclayer/pgf.sty
(/usr/local/texlive/2025/texmf-dist/tex/latex/pgf/utilities/pgfrcs.sty
(/usr/local/texlive/2025/texmf-dist/tex/generic/pgf/utilities/pgfutil-common.te
x
\pgfutil@everybye=\toks49
\pgfutil@tempdima=\dimen265
\pgfutil@tempdimb=\dimen266
)
(/usr/local/texlive/2025/texmf-dist/tex/generic/pgf/utilities/pgfutil-latex.def
\pgfutil@abb=\box64
) (/usr/local/texlive/2025/texmf-dist/tex/generic/pgf/utilities/pgfrcs.code.tex
(/usr/local/texlive/2025/texmf-dist/tex/generic/pgf/pgf.revision.tex)
Package: pgfrcs 2023-01-15 v3.1.10 (3.1.10)
))
Package: pgf 2023-01-15 v3.1.10 (3.1.10)

(/usr/local/texlive/2025/texmf-dist/tex/latex/pgf/basiclayer/pgfcore.sty
(/usr/local/texlive/2025/texmf-dist/tex/latex/pgf/systemlayer/pgfsys.sty
(/usr/local/texlive/2025/texmf-dist/tex/generic/pgf/systemlayer/pgfsys.code.tex
Package: pgfsys 2023-01-15 v3.1.10 (3.1.10)
(/usr/local/texlive/2025/texmf-dist/tex/generic/pgf/utilities/pgfkeys.code.tex
\pgfkeys@pathtoks=\toks50
\pgfkeys@temptoks=\toks51

(/usr/local/texlive/2025/texmf-dist/tex/generic/pgf/utilities/pgfkeyslibraryfil
tered.code.tex
\pgfkeys@tmptoks=\toks52
))
\pgf@x=\dimen267
\pgf@y=\dimen268
\pgf@xa=\dimen269
\pgf@ya=\dimen270
\pgf@xb=\dimen271
\pgf@yb=\dimen272
\pgf@xc=\dimen273
\pgf@yc=\dimen274
\pgf@xd=\dimen275
\pgf@yd=\dimen276
\w@pgf@writea=\write4
\r@pgf@reada=\read5
\c@pgf@counta=\count350
\c@pgf@countb=\count351
\c@pgf@countc=\count352
\c@pgf@countd=\count353
\t@pgf@toka=\toks53
\t@pgf@tokb=\toks54
\t@pgf@tokc=\toks55
\pgf@sys@id@count=\count354

(/usr/local/texlive/2025/texmf-dist/tex/generic/pgf/systemlayer/pgf.cfg
File: pgf.cfg 2023-01-15 v3.1.10 (3.1.10)
)
Driver file for pgf: pgfsys-pdftex.def

(/usr/local/texlive/2025/texmf-dist/tex/generic/pgf/systemlayer/pgfsys-pdftex.d
ef
File: pgfsys-pdftex.def 2023-01-15 v3.1.10 (3.1.10)

(/usr/local/texlive/2025/texmf-dist/tex/generic/pgf/systemlayer/pgfsys-common-p
df.def
File: pgfsys-common-pdf.def 2023-01-15 v3.1.10 (3.1.10)
)))
(/usr/local/texlive/2025/texmf-dist/tex/generic/pgf/systemlayer/pgfsyssoftpath.
code.tex
File: pgfsyssoftpath.code.tex 2023-01-15 v3.1.10 (3.1.10)
\pgfsyssoftpath@smallbuffer@items=\count355
\pgfsyssoftpath@bigbuffer@items=\count356
)
(/usr/local/texlive/2025/texmf-dist/tex/generic/pgf/systemlayer/pgfsysprotocol.
code.tex
File: pgfsysprotocol.code.tex 2023-01-15 v3.1.10 (3.1.10)
)) (/usr/local/texlive/2025/texmf-dist/tex/latex/xcolor/xcolor.sty
Package: xcolor 2024/09/29 v3.02 LaTeX color extensions (UK)

(/usr/local/texlive/2025/texmf-dist/tex/latex/graphics-cfg/color.cfg
File: color.cfg 2016/01/02 v1.6 sample color configuration
)
Package xcolor Info: Driver file: pdftex.def on input line 274.

(/usr/local/texlive/2025/texmf-dist/tex/latex/graphics/mathcolor.ltx)
Package xcolor Info: Model `cmy' substituted by `cmy0' on input line 1349.
Package xcolor Info: Model `hsb' substituted by `rgb' on input line 1353.
Package xcolor Info: Model `RGB' extended on input line 1365.
Package xcolor Info: Model `HTML' substituted by `rgb' on input line 1367.
Package xcolor Info: Model `Hsb' substituted by `hsb' on input line 1368.
Package xcolor Info: Model `tHsb' substituted by `hsb' on input line 1369.
Package xcolor Info: Model `HSB' substituted by `hsb' on input line 1370.
Package xcolor Info: Model `Gray' substituted by `gray' on input line 1371.
Package xcolor Info: Model `wave' substituted by `hsb' on input line 1372.
)
(/usr/local/texlive/2025/texmf-dist/tex/latex/graphics/dvipsnam.def
File: dvipsnam.def 2016/06/17 v3.0m Driver-dependent file (DPC,SPQR)
)
(/usr/local/texlive/2025/texmf-dist/tex/latex/xcolor/svgnam.def
File: svgnam.def 2024/09/29 v3.02 Predefined colors according to SVG 1.1 (UK)
)
(/usr/local/texlive/2025/texmf-dist/tex/generic/pgf/basiclayer/pgfcore.code.tex
Package: pgfcore 2023-01-15 v3.1.10 (3.1.10)
(/usr/local/texlive/2025/texmf-dist/tex/generic/pgf/math/pgfmath.code.tex
(/usr/local/texlive/2025/texmf-dist/tex/generic/pgf/math/pgfmathutil.code.tex)
(/usr/local/texlive/2025/texmf-dist/tex/generic/pgf/math/pgfmathparser.code.tex
\pgfmath@dimen=\dimen277
\pgfmath@count=\count357
\pgfmath@box=\box65
\pgfmath@toks=\toks56
\pgfmath@stack@operand=\toks57
\pgfmath@stack@operation=\toks58
)
(/usr/local/texlive/2025/texmf-dist/tex/generic/pgf/math/pgfmathfunctions.code.
tex)
(/usr/local/texlive/2025/texmf-dist/tex/generic/pgf/math/pgfmathfunctions.basic
.code.tex)
(/usr/local/texlive/2025/texmf-dist/tex/generic/pgf/math/pgfmathfunctions.trigo
nometric.code.tex)
(/usr/local/texlive/2025/texmf-dist/tex/generic/pgf/math/pgfmathfunctions.rando
m.code.tex)
(/usr/local/texlive/2025/texmf-dist/tex/generic/pgf/math/pgfmathfunctions.compa
rison.code.tex)
(/usr/local/texlive/2025/texmf-dist/tex/generic/pgf/math/pgfmathfunctions.base.
code.tex)
(/usr/local/texlive/2025/texmf-dist/tex/generic/pgf/math/pgfmathfunctions.round
.code.tex)
(/usr/local/texlive/2025/texmf-dist/tex/generic/pgf/math/pgfmathfunctions.misc.
code.tex)
(/usr/local/texlive/2025/texmf-dist/tex/generic/pgf/math/pgfmathfunctions.integ
erarithmetics.code.tex)
(/usr/local/texlive/2025/texmf-dist/tex/generic/pgf/math/pgfmathcalc.code.tex)
(/usr/local/texlive/2025/texmf-dist/tex/generic/pgf/math/pgfmathfloat.code.tex
\c@pgfmathroundto@lastzeros=\count358
)) (/usr/local/texlive/2025/texmf-dist/tex/generic/pgf/math/pgfint.code.tex)
(/usr/local/texlive/2025/texmf-dist/tex/generic/pgf/basiclayer/pgfcorepoints.co
de.tex
File: pgfcorepoints.code.tex 2023-01-15 v3.1.10 (3.1.10)
\pgf@picminx=\dimen278
\pgf@picmaxx=\dimen279
\pgf@picminy=\dimen280
\pgf@picmaxy=\dimen281
\pgf@pathminx=\dimen282
\pgf@pathmaxx=\dimen283
\pgf@pathminy=\dimen284
\pgf@pathmaxy=\dimen285
\pgf@xx=\dimen286
\pgf@xy=\dimen287
\pgf@yx=\dimen288
\pgf@yy=\dimen289
\pgf@zx=\dimen290
\pgf@zy=\dimen291
)
(/usr/local/texlive/2025/texmf-dist/tex/generic/pgf/basiclayer/pgfcorepathconst
ruct.code.tex
File: pgfcorepathconstruct.code.tex 2023-01-15 v3.1.10 (3.1.10)
\pgf@path@lastx=\dimen292
\pgf@path@lasty=\dimen293
)
(/usr/local/texlive/2025/texmf-dist/tex/generic/pgf/basiclayer/pgfcorepathusage
.code.tex
File: pgfcorepathusage.code.tex 2023-01-15 v3.1.10 (3.1.10)
\pgf@shorten@end@additional=\dimen294
\pgf@shorten@start@additional=\dimen295
)
(/usr/local/texlive/2025/texmf-dist/tex/generic/pgf/basiclayer/pgfcorescopes.co
de.tex
File: pgfcorescopes.code.tex 2023-01-15 v3.1.10 (3.1.10)
\pgfpic=\box66
\pgf@hbox=\box67
\pgf@layerbox@main=\box68
\pgf@picture@serial@count=\count359
)
(/usr/local/texlive/2025/texmf-dist/tex/generic/pgf/basiclayer/pgfcoregraphicst
ate.code.tex
File: pgfcoregraphicstate.code.tex 2023-01-15 v3.1.10 (3.1.10)
\pgflinewidth=\dimen296
)
(/usr/local/texlive/2025/texmf-dist/tex/generic/pgf/basiclayer/pgfcoretransform
ations.code.tex
File: pgfcoretransformations.code.tex 2023-01-15 v3.1.10 (3.1.10)
\pgf@pt@x=\dimen297
\pgf@pt@y=\dimen298
\pgf@pt@temp=\dimen299
)
(/usr/local/texlive/2025/texmf-dist/tex/generic/pgf/basiclayer/pgfcorequick.cod
e.tex
File: pgfcorequick.code.tex 2023-01-15 v3.1.10 (3.1.10)
)
(/usr/local/texlive/2025/texmf-dist/tex/generic/pgf/basiclayer/pgfcoreobjects.c
ode.tex
File: pgfcoreobjects.code.tex 2023-01-15 v3.1.10 (3.1.10)
)
(/usr/local/texlive/2025/texmf-dist/tex/generic/pgf/basiclayer/pgfcorepathproce
ssing.code.tex
File: pgfcorepathprocessing.code.tex 2023-01-15 v3.1.10 (3.1.10)
)
(/usr/local/texlive/2025/texmf-dist/tex/generic/pgf/basiclayer/pgfcorearrows.co
de.tex
File: pgfcorearrows.code.tex 2023-01-15 v3.1.10 (3.1.10)
\pgfarrowsep=\dimen300
)
(/usr/local/texlive/2025/texmf-dist/tex/generic/pgf/basiclayer/pgfcoreshade.cod
e.tex
File: pgfcoreshade.code.tex 2023-01-15 v3.1.10 (3.1.10)
\pgf@max=\dimen301
\pgf@sys@shading@range@num=\count360
\pgf@shadingcount=\count361
)
(/usr/local/texlive/2025/texmf-dist/tex/generic/pgf/basiclayer/pgfcoreimage.cod
e.tex
File: pgfcoreimage.code.tex 2023-01-15 v3.1.10 (3.1.10)
)
(/usr/local/texlive/2025/texmf-dist/tex/generic/pgf/basiclayer/pgfcoreexternal.
code.tex
File: pgfcoreexternal.code.tex 2023-01-15 v3.1.10 (3.1.10)
\pgfexternal@startupbox=\box69
)
(/usr/local/texlive/2025/texmf-dist/tex/generic/pgf/basiclayer/pgfcorelayers.co
de.tex
File: pgfcorelayers.code.tex 2023-01-15 v3.1.10 (3.1.10)
)
(/usr/local/texlive/2025/texmf-dist/tex/generic/pgf/basiclayer/pgfcoretranspare
ncy.code.tex
File: pgfcoretransparency.code.tex 2023-01-15 v3.1.10 (3.1.10)
)
(/usr/local/texlive/2025/texmf-dist/tex/generic/pgf/basiclayer/pgfcorepatterns.
code.tex
File: pgfcorepatterns.code.tex 2023-01-15 v3.1.10 (3.1.10)
)
(/usr/local/texlive/2025/texmf-dist/tex/generic/pgf/basiclayer/pgfcorerdf.code.
tex
File: pgfcorerdf.code.tex 2023-01-15 v3.1.10 (3.1.10)
)))
(/usr/local/texlive/2025/texmf-dist/tex/generic/pgf/modules/pgfmoduleshapes.cod
e.tex
File: pgfmoduleshapes.code.tex 2023-01-15 v3.1.10 (3.1.10)
\pgfnodeparttextbox=\box70
)
(/usr/local/texlive/2025/texmf-dist/tex/generic/pgf/modules/pgfmoduleplot.code.
tex
File: pgfmoduleplot.code.tex 2023-01-15 v3.1.10 (3.1.10)
)
(/usr/local/texlive/2025/texmf-dist/tex/latex/pgf/compatibility/pgfcomp-version
-0-65.sty
Package: pgfcomp-version-0-65 2023-01-15 v3.1.10 (3.1.10)
\pgf@nodesepstart=\dimen302
\pgf@nodesepend=\dimen303
)
(/usr/local/texlive/2025/texmf-dist/tex/latex/pgf/compatibility/pgfcomp-version
-1-18.sty
Package: pgfcomp-version-1-18 2023-01-15 v3.1.10 (3.1.10)
))
(/usr/local/texlive/2025/texmf-dist/tex/latex/pgf/utilities/pgffor.sty
(/usr/local/texlive/2025/texmf-dist/tex/latex/pgf/utilities/pgfkeys.sty
(/usr/local/texlive/2025/texmf-dist/tex/generic/pgf/utilities/pgfkeys.code.tex)
) (/usr/local/texlive/2025/texmf-dist/tex/latex/pgf/math/pgfmath.sty
(/usr/local/texlive/2025/texmf-dist/tex/generic/pgf/math/pgfmath.code.tex))
(/usr/local/texlive/2025/texmf-dist/tex/generic/pgf/utilities/pgffor.code.tex
Package: pgffor 2023-01-15 v3.1.10 (3.1.10)
\pgffor@iter=\dimen304
\pgffor@skip=\dimen305
\pgffor@stack=\toks59
\pgffor@toks=\toks60
))
(/usr/local/texlive/2025/texmf-dist/tex/generic/pgf/frontendlayer/tikz/tikz.cod
e.tex
Package: tikz 2023-01-15 v3.1.10 (3.1.10)

(/usr/local/texlive/2025/texmf-dist/tex/generic/pgf/libraries/pgflibraryplothan
dlers.code.tex
File: pgflibraryplothandlers.code.tex 2023-01-15 v3.1.10 (3.1.10)
\pgf@plot@mark@count=\count362
\pgfplotmarksize=\dimen306
)
\tikz@lastx=\dimen307
\tikz@lasty=\dimen308
\tikz@lastxsaved=\dimen309
\tikz@lastysaved=\dimen310
\tikz@lastmovetox=\dimen311
\tikz@lastmovetoy=\dimen312
\tikzleveldistance=\dimen313
\tikzsiblingdistance=\dimen314
\tikz@figbox=\box71
\tikz@figbox@bg=\box72
\tikz@tempbox=\box73
\tikz@tempbox@bg=\box74
\tikztreelevel=\count363
\tikznumberofchildren=\count364
\tikznumberofcurrentchild=\count365
\tikz@fig@count=\count366

(/usr/local/texlive/2025/texmf-dist/tex/generic/pgf/modules/pgfmodulematrix.cod
e.tex
File: pgfmodulematrix.code.tex 2023-01-15 v3.1.10 (3.1.10)
\pgfmatrixcurrentrow=\count367
\pgfmatrixcurrentcolumn=\count368
\pgf@matrix@numberofcolumns=\count369
)
\tikz@expandcount=\count370

(/usr/local/texlive/2025/texmf-dist/tex/generic/pgf/frontendlayer/tikz/librarie
s/tikzlibrarytopaths.code.tex
File: tikzlibrarytopaths.code.tex 2023-01-15 v3.1.10 (3.1.10)
)))
(/usr/local/texlive/2025/texmf-dist/tex/generic/tikz-cd/tikzlibrarycd.code.tex
(/usr/local/texlive/2025/texmf-dist/tex/generic/pgf/frontendlayer/tikz/librarie
s/tikzlibrarymatrix.code.tex
File: tikzlibrarymatrix.code.tex 2023-01-15 v3.1.10 (3.1.10)
)
(/usr/local/texlive/2025/texmf-dist/tex/generic/pgf/frontendlayer/tikz/librarie
s/tikzlibraryquotes.code.tex
File: tikzlibraryquotes.code.tex 2023-01-15 v3.1.10 (3.1.10)
)
(/usr/local/texlive/2025/texmf-dist/tex/generic/pgf/libraries/pgflibraryarrows.
meta.code.tex
File: pgflibraryarrows.meta.code.tex 2023-01-15 v3.1.10 (3.1.10)
\pgfarrowinset=\dimen315
\pgfarrowlength=\dimen316
\pgfarrowwidth=\dimen317
\pgfarrowlinewidth=\dimen318
)))
(/usr/local/texlive/2025/texmf-dist/tex/generic/pgf/frontendlayer/tikz/librarie
s/tikzlibrarypositioning.code.tex
File: tikzlibrarypositioning.code.tex 2023-01-15 v3.1.10 (3.1.10)
)
(/usr/local/texlive/2025/texmf-dist/tex/generic/pgf/frontendlayer/tikz/librarie
s/tikzlibrarycalc.code.tex
File: tikzlibrarycalc.code.tex 2023-01-15 v3.1.10 (3.1.10)
)
(/usr/local/texlive/2025/texmf-dist/tex/generic/pgf/frontendlayer/tikz/librarie
s/tikzlibrarydecorations.markings.code.tex
(/usr/local/texlive/2025/texmf-dist/tex/generic/pgf/frontendlayer/tikz/librarie
s/tikzlibrarydecorations.code.tex
(/usr/local/texlive/2025/texmf-dist/tex/generic/pgf/modules/pgfmoduledecoration
s.code.tex
\pgfdecoratedcompleteddistance=\dimen319
\pgfdecoratedremainingdistance=\dimen320
\pgfdecoratedinputsegmentcompleteddistance=\dimen321
\pgfdecoratedinputsegmentremainingdistance=\dimen322
\pgf@decorate@distancetomove=\dimen323
\pgf@decorate@repeatstate=\count371
\pgfdecorationsegmentamplitude=\dimen324
\pgfdecorationsegmentlength=\dimen325
)
\tikz@lib@dec@box=\box75
)
(/usr/local/texlive/2025/texmf-dist/tex/generic/pgf/libraries/decorations/pgfli
brarydecorations.markings.code.tex))
(/usr/local/texlive/2025/texmf-dist/tex/latex/xurl/xurl.sty
Package: xurl 2022/01/09 v 0.10 modify URL breaks
)
(/usr/local/texlive/2025/texmf-dist/tex/latex/hyperref/hyperref.sty
Package: hyperref 2024-11-05 v7.01l Hypertext links for LaTeX

(/usr/local/texlive/2025/texmf-dist/tex/generic/kvdefinekeys/kvdefinekeys.sty
Package: kvdefinekeys 2019-12-19 v1.6 Define keys (HO)
)
(/usr/local/texlive/2025/texmf-dist/tex/generic/pdfescape/pdfescape.sty
Package: pdfescape 2019/12/09 v1.15 Implements pdfTeX's escape features (HO)

(/usr/local/texlive/2025/texmf-dist/tex/generic/pdftexcmds/pdftexcmds.sty
Package: pdftexcmds 2020-06-27 v0.33 Utility functions of pdfTeX for LuaTeX (HO
)
Package pdftexcmds Info: \pdf@primitive is available.
Package pdftexcmds Info: \pdf@ifprimitive is available.
Package pdftexcmds Info: \pdfdraftmode found.
))
(/usr/local/texlive/2025/texmf-dist/tex/latex/hycolor/hycolor.sty
Package: hycolor 2020-01-27 v1.10 Color options for hyperref/bookmark (HO)
)
(/usr/local/texlive/2025/texmf-dist/tex/generic/stringenc/stringenc.sty
Package: stringenc 2019/11/29 v1.12 Convert strings between diff. encodings (HO
)
)
\@linkdim=\dimen326
\Hy@linkcounter=\count372
\Hy@pagecounter=\count373

(/usr/local/texlive/2025/texmf-dist/tex/latex/hyperref/pd1enc.def
File: pd1enc.def 2024-11-05 v7.01l Hyperref: PDFDocEncoding definition (HO)
Now handling font encoding PD1 ...
... no UTF-8 mapping file for font encoding PD1
)
(/usr/local/texlive/2025/texmf-dist/tex/generic/intcalc/intcalc.sty
Package: intcalc 2019/12/15 v1.3 Expandable calculations with integers (HO)
)
\Hy@SavedSpaceFactor=\count374

(/usr/local/texlive/2025/texmf-dist/tex/latex/hyperref/puenc.def
File: puenc.def 2024-11-05 v7.01l Hyperref: PDF Unicode definition (HO)
Now handling font encoding PU ...
... no UTF-8 mapping file for font encoding PU
)
Package hyperref Info: Option `unicode' set `true' on input line 4040.
Package hyperref Info: Option `unicode' set `true' on input line 4040.
Package hyperref Info: Option `psdextra' set `true' on input line 4040.

(/usr/local/texlive/2025/texmf-dist/tex/latex/hyperref/psdextra.def
File: psdextra.def 2024-11-05 v7.01l Hyperref: Additions to PDF string support
)
Package hyperref Info: Option `hypertexnames' set `false' on input line 4040.
Package hyperref Info: Option `bookmarksnumbered' set `true' on input line 4040
.
Package hyperref Info: Option `bookmarksopen' set `true' on input line 4040.
Package hyperref Info: Hyper figures OFF on input line 4157.
Package hyperref Info: Link nesting OFF on input line 4162.
Package hyperref Info: Hyper index ON on input line 4165.
Package hyperref Info: Plain pages OFF on input line 4172.
Package hyperref Info: Backreferencing OFF on input line 4177.
Package hyperref Info: Implicit mode ON; LaTeX internals redefined.
Package hyperref Info: Bookmarks ON on input line 4424.
\c@Hy@tempcnt=\count375
LaTeX Info: Redefining \url on input line 4763.
\XeTeXLinkMargin=\dimen327

(/usr/local/texlive/2025/texmf-dist/tex/generic/bitset/bitset.sty
Package: bitset 2019/12/09 v1.3 Handle bit-vector datatype (HO)

(/usr/local/texlive/2025/texmf-dist/tex/generic/bigintcalc/bigintcalc.sty
Package: bigintcalc 2019/12/15 v1.5 Expandable calculations on big integers (HO
)
))
\Fld@menulength=\count376
\Field@Width=\dimen328
\Fld@charsize=\dimen329
Package hyperref Info: Hyper figures OFF on input line 6042.
Package hyperref Info: Link nesting OFF on input line 6047.
Package hyperref Info: Hyper index ON on input line 6050.
Package hyperref Info: backreferencing OFF on input line 6057.
Package hyperref Info: Link coloring OFF on input line 6062.
Package hyperref Info: Link coloring with OCG OFF on input line 6067.
Package hyperref Info: PDF/A mode OFF on input line 6072.

(/usr/local/texlive/2025/texmf-dist/tex/latex/base/atbegshi-ltx.sty
Package: atbegshi-ltx 2021/01/10 v1.0c Emulation of the original atbegshi
package with kernel methods
)
\Hy@abspage=\count377
\c@Item=\count378
\c@Hfootnote=\count379
)
Package hyperref Info: Driver (autodetected): hpdftex.

(/usr/local/texlive/2025/texmf-dist/tex/latex/hyperref/hpdftex.def
File: hpdftex.def 2024-11-05 v7.01l Hyperref driver for pdfTeX

(/usr/local/texlive/2025/texmf-dist/tex/latex/base/atveryend-ltx.sty
Package: atveryend-ltx 2020/08/19 v1.0a Emulation of the original atveryend pac
kage
with kernel methods
)
\Fld@listcount=\count380
\c@bookmark@seq@number=\count381

(/usr/local/texlive/2025/texmf-dist/tex/latex/rerunfilecheck/rerunfilecheck.sty
Package: rerunfilecheck 2022-07-10 v1.10 Rerun checks for auxiliary files (HO)

(/usr/local/texlive/2025/texmf-dist/tex/generic/uniquecounter/uniquecounter.sty
Package: uniquecounter 2019/12/15 v1.4 Provide unlimited unique counter (HO)
)
Package uniquecounter Info: New unique counter `rerunfilecheck' on input line 2
85.
)
\Hy@SectionHShift=\skip258
) (/usr/local/texlive/2025/texmf-dist/tex/latex/memoir/memhfixc.sty
Package: memhfixc 2025/03/06 v1.23 hyperref package fixes for memoir class
\c@memhycontfloat=\count382
\c@mem@Hpagenote=\count383
)
(/usr/local/texlive/2025/texmf-dist/tex/latex/bookmark/bookmark.sty
Package: bookmark 2023-12-10 v1.31 PDF bookmarks (HO)

(/usr/local/texlive/2025/texmf-dist/tex/latex/bookmark/bkm-pdftex.def
File: bkm-pdftex.def 2023-12-10 v1.31 bookmark driver for pdfTeX and luaTeX (HO
)
\BKM@id=\count384
))
(/usr/local/texlive/2025/texmf-dist/tex/latex/geometry/geometry.sty
Package: geometry 2020/01/02 v5.9 Page Geometry

(/usr/local/texlive/2025/texmf-dist/tex/generic/iftex/ifvtex.sty
Package: ifvtex 2019/10/25 v1.7 ifvtex legacy package. Use iftex instead.
)
\Gm@cnth=\count385
\Gm@cntv=\count386
\c@Gm@tempcnt=\count387
\Gm@bindingoffset=\dimen330
\Gm@wd@mp=\dimen331
\Gm@odd@mp=\dimen332
\Gm@even@mp=\dimen333
\Gm@layoutwidth=\dimen334
\Gm@layoutheight=\dimen335
\Gm@layouthoffset=\dimen336
\Gm@layoutvoffset=\dimen337
\Gm@dimlist=\toks61
)
(/usr/local/texlive/2025/texmf-dist/tex/latex/algorithms/algorithm.sty
Package: algorithm 2009/08/24 v0.1 Document Style `algorithm' - floating enviro
nment
\@float@every@algorithm=\toks62
\c@algorithm=\count388
)
(/usr/local/texlive/2025/texmf-dist/tex/latex/algorithmicx/algpseudocode.sty
Package: algpseudocode 

(/usr/local/texlive/2025/texmf-dist/tex/latex/algorithmicx/algorithmicx.sty
Package: algorithmicx 2005/04/27 v1.2 Algorithmicx

Document Style algorithmicx 1.2 - a greatly improved `algorithmic' style
\c@ALG@line=\count389
\c@ALG@rem=\count390
\c@ALG@nested=\count391
\ALG@tlm=\skip259
\ALG@thistlm=\skip260
\c@ALG@Lnr=\count392
\c@ALG@blocknr=\count393
\c@ALG@storecount=\count394
\c@ALG@tmpcounter=\count395
\ALG@tmplength=\skip261
)
Document Style - pseudocode environments for use with the `algorithmicx' style
) (/usr/local/texlive/2025/texmf-dist/tex/latex/tcolorbox/tcolorbox.sty
Package: tcolorbox 2024/10/22 version 6.4.1 text color boxes

(/usr/local/texlive/2025/texmf-dist/tex/latex/environ/environ.sty
Package: environ 2014/05/04 v0.3 A new way to define environments

(/usr/local/texlive/2025/texmf-dist/tex/latex/trimspaces/trimspaces.sty
Package: trimspaces 2009/09/17 v1.1 Trim spaces around a token list
))
\tcb@titlebox=\box76
\tcb@upperbox=\box77
\tcb@lowerbox=\box78
\tcb@phantombox=\box79
\c@tcbbreakpart=\count396
\c@tcblayer=\count397
\c@tcolorbox@number=\count398
\l__tcobox_tmpa_box=\box80
\l__tcobox_tmpa_dim=\dimen338
\tcb@temp=\box81
\tcb@temp=\box82
\tcb@temp=\box83
\tcb@temp=\box84
)
(/usr/local/texlive/2025/texmf-dist/tex/latex/tools/longtable.sty
Package: longtable 2024-10-27 v4.22 Multi-page Table package (DPC)
\LTleft=\skip262
\LTright=\skip263
\LTpre=\skip264
\LTpost=\skip265
\LTchunksize=\count399
\LTcapwidth=\dimen339
\LT@head=\box85
\LT@firsthead=\box86
\LT@foot=\box87
\LT@lastfoot=\box88
\LT@gbox=\box89
\LT@cols=\count400
\LT@rows=\count401
\c@LT@tables=\count402
\c@LT@chunks=\count403
\LT@p@ftn=\toks63
)
(/usr/local/texlive/2025/texmf-dist/tex/latex/tools/multicol.sty
Package: multicol 2024/09/14 v1.9i multicolumn formatting (FMi)
\c@tracingmulticols=\count404
\mult@box=\box90
\multicol@leftmargin=\dimen340
\c@unbalance=\count405
\c@collectmore=\count406
\doublecol@number=\count407
\multicoltolerance=\count408
\multicolpretolerance=\count409
\full@width=\dimen341
\page@free=\dimen342
\premulticols=\dimen343
\postmulticols=\dimen344
\multicolsep=\skip266
\multicolbaselineskip=\skip267
\partial@page=\box91
\last@line=\box92
\mc@boxedresult=\box93
\maxbalancingoverflow=\dimen345
\mult@rightbox=\box94
\mult@grightbox=\box95
\mult@firstbox=\box96
\mult@gfirstbox=\box97
\@tempa=\box98
\@tempa=\box99
\@tempa=\box100
\@tempa=\box101
\@tempa=\box102
\@tempa=\box103
\@tempa=\box104
\@tempa=\box105
\@tempa=\box106
\@tempa=\box107
\@tempa=\box108
\@tempa=\box109
\@tempa=\box110
\@tempa=\box111
\@tempa=\box112
\@tempa=\box113
\@tempa=\box114
\@tempa=\box115
\@tempa=\box116
\@tempa=\box117
\@tempa=\box118
\@tempa=\box119
\@tempa=\box120
\@tempa=\box121
\@tempa=\box122
\@tempa=\box123
\@tempa=\box124
\@tempa=\box125
\@tempa=\box126
\@tempa=\box127
\@tempa=\box128
\@tempa=\box129
\@tempa=\box130
\@tempa=\box131
\@tempa=\box132
\@tempa=\box133
\c@minrows=\count410
\c@columnbadness=\count411
\c@finalcolumnbadness=\count412
\last@try=\dimen346
\multicolovershoot=\dimen347
\multicolundershoot=\dimen348
\mult@nat@firstbox=\box134
\colbreak@box=\box135
\mc@col@check@num=\count413
)
(/usr/local/texlive/2025/texmf-dist/tex/latex/enumitem/enumitem.sty
Package: enumitem 2025/02/06 v3.11 Customized lists
\labelindent=\skip268
\enit@outerparindent=\dimen349
\enit@toks=\toks64
\enit@inbox=\box136
\enit@count@id=\count414
\enitdp@description=\count415
)
(/usr/local/texlive/2025/texmf-dist/tex/latex/nowidow/nowidow.sty
Package: nowidow 2011/09/20 1.0 Easily prevent widows and orphans
Package: nowidow 
)
(/usr/local/texlive/2025/texmf-dist/tex/latex/jknapltx/mathrsfs.sty
Package: mathrsfs 1996/01/01 Math RSFS package v1.0 (jk)
\symrsfs=\mathgroup9
)
(/usr/local/texlive/2025/texmf-dist/tex/latex/tools/bm.sty
Package: bm 2023/12/19 v1.2f Bold Symbol Support (DPC/FMi)
\symboldoperators=\mathgroup10
\symboldletters=\mathgroup11
\symboldsymbols=\mathgroup12
\symboldlargesymbols=\mathgroup13
Package bm Info: No bold for \U/msa/m/n, using \pmb.
Package bm Info: No bold for \U/msb/m/n, using \pmb.
Package bm Info: No bold for \U/rsfs/m/n, using \pmb.
LaTeX Font Info:    Redeclaring math alphabet \mathbf on input line 149.
)
(/usr/local/texlive/2025/texmf-dist/tex/latex/makecell/makecell.sty
Package: makecell 2009/08/03 V0.1e Managing of Tab Column Heads and Cells
\rotheadsize=\dimen350
\c@nlinenum=\count416
\TeXr@lab=\toks65
)
(/usr/local/texlive/2025/texmf-dist/tex/latex/newunicodechar/newunicodechar.sty
Package: newunicodechar 2018/04/08 v1.2 Defining Unicode characters
) (/usr/local/texlive/2025/texmf-dist/tex/latex/thmtools/thmtools.sty
Package: thmtools 2023/05/04 v0.76
\thmt@toks=\toks66
\c@thmt@dummyctr=\count417

(/usr/local/texlive/2025/texmf-dist/tex/latex/thmtools/thm-patch.sty
Package: thm-patch 2023/05/04 v0.76

(/usr/local/texlive/2025/texmf-dist/tex/latex/thmtools/parseargs.sty
Package: parseargs 2023/05/04 v0.76
\@parsespec=\toks67
))
(/usr/local/texlive/2025/texmf-dist/tex/latex/thmtools/thm-kv.sty
Package: thm-kv 2023/05/04 v0.76
Package thm-kv Info: Theorem names will be uppercased on input line 42.
Package thm-kv Info: kvsetkeys patch (v1.16 or later) on input line 158.
)
(/usr/local/texlive/2025/texmf-dist/tex/latex/thmtools/thm-autoref.sty
Package: thm-autoref 2023/05/04 v0.76

(/usr/local/texlive/2025/texmf-dist/tex/latex/thmtools/aliasctr.sty
Package: aliasctr 2023/05/04 v0.76
))
(/usr/local/texlive/2025/texmf-dist/tex/latex/thmtools/thm-listof.sty
Package: thm-listof 2023/05/04 v0.76
)
(/usr/local/texlive/2025/texmf-dist/tex/latex/thmtools/thm-restate.sty
Package: thm-restate 2023/05/04 v0.76
)
(/usr/local/texlive/2025/texmf-dist/tex/latex/thmtools/thm-amsthm.sty
Package: thm-amsthm 2023/05/04 v0.76
\thmt@style@headstyle=\toks68
))
\proj@idxfile=\write5
\openout5 = `proj.idx'.


Writing index file proj.idx 
\c@theorem=\count418
) (out/proj.aux)
\openout1 = `proj.aux'.

LaTeX Font Info:    Checking defaults for OML/ntxebgmi/m/it on input line 51.
LaTeX Font Info:    Trying to load font information for OML+ntxebgmi on input l
ine 51.

(/usr/local/texlive/2025/texmf-dist/tex/latex/newtx/omlntxebgmi.fd
File: omlntxebgmi.fd 2024/03/06 Fontinst v1.933 font definitions for OML/ntxebg
mi.
)
LaTeX Font Info:    ... okay on input line 51.
LaTeX Font Info:    Checking defaults for OMS/cmsy/m/n on input line 51.
LaTeX Font Info:    ... okay on input line 51.
LaTeX Font Info:    Checking defaults for OT1/cmr/m/n on input line 51.
LaTeX Font Info:    ... okay on input line 51.
LaTeX Font Info:    Checking defaults for T1/cmr/m/n on input line 51.
LaTeX Font Info:    ... okay on input line 51.
LaTeX Font Info:    Checking defaults for TS1/cmr/m/n on input line 51.
LaTeX Font Info:    ... okay on input line 51.
LaTeX Font Info:    Checking defaults for OMX/cmex/m/n on input line 51.
LaTeX Font Info:    ... okay on input line 51.
LaTeX Font Info:    Checking defaults for U/ntxexa/m/n on input line 51.
LaTeX Font Info:    Trying to load font information for U+ntxexa on input line 
51.

(/usr/local/texlive/2025/texmf-dist/tex/latex/newtx/untxexa.fd
File: untxexa.fd 2012/04/16 Fontinst v1.933 font definitions for U/ntxexa.
)
LaTeX Font Info:    ... okay on input line 51.
LaTeX Font Info:    Checking defaults for LY1/ptm/m/n on input line 51.
LaTeX Font Info:    Trying to load font information for LY1+ptm on input line 5
1.

(/usr/local/texlive/2025/texmf-dist/tex/latex/ly1/ly1ptm.fd
File: ly1ptm.fd 2001/02/01 font definitions for LY1/ptm using Berry names.
)
LaTeX Font Info:    ... okay on input line 51.
LaTeX Font Info:    Checking defaults for LMS/ntxsy/m/n on input line 51.
LaTeX Font Info:    Trying to load font information for LMS+ntxsy on input line
 51.

(/usr/local/texlive/2025/texmf-dist/tex/latex/newtx/lmsntxsy.fd
File: lmsntxsy.fd 2016/07/02 Fontinst v1.933 font definitions for LMS/ntxsy.
)
LaTeX Font Info:    ... okay on input line 51.
LaTeX Font Info:    Checking defaults for LMX/ntxexx/m/n on input line 51.
LaTeX Font Info:    Trying to load font information for LMX+ntxexx on input lin
e 51.

(/usr/local/texlive/2025/texmf-dist/tex/latex/newtx/lmxntxexx.fd
File: lmxntxexx.fd 2016/07/03 Fontinst v1.933 font definitions for LMX/ntxexx.
)
LaTeX Font Info:    ... okay on input line 51.
LaTeX Font Info:    Checking defaults for PD1/pdf/m/n on input line 51.
LaTeX Font Info:    ... okay on input line 51.
LaTeX Font Info:    Checking defaults for PU/pdf/m/n on input line 51.
LaTeX Font Info:    ... okay on input line 51.
\c@mv@tabular=\count419
\c@mv@boldtabular=\count420

(/usr/local/texlive/2025/texmf-dist/tex/latex/upquote/upquote.sty
Package: upquote 2012/04/19 v1.3 upright-quote and grave-accent glyphs in verba
tim
)
LaTeX Info: Command `\dddot' is already robust on input line 51.
LaTeX Info: Command `\ddddot' is already robust on input line 51.
LaTeX Info: Redefining \microtypecontext on input line 51.
Package microtype Info: Applying patch `item' on input line 51.
Package microtype Info: Applying patch `toc' on input line 51.
Package microtype Info: The `eqnum' patch may not be effective because you are
(microtype)             using the mathtools package. Make sure to insert
(microtype)             `\leftprotrusion' and `\rightprotrusion' as
(microtype)             appropriate in mathtools's `\newtagform' command.
Package microtype Info: Applying patch `eqnum' on input line 51.
Package microtype Info: Applying patch `verbatim' on input line 51.
LaTeX Info: Redefining \microtypesetup on input line 51.
Package microtype Info: Generating PDF output.
Package microtype Info: Character protrusion enabled (level 2),
(microtype)             factor: 1050.
Package microtype Info: Using protrusion set `basicmath'.
Package microtype Info: Automatic font expansion enabled (level 2),
(microtype)             stretch: 18, shrink: 12, step: 1, non-selected.
Package microtype Info: Using default expansion set `alltext-nott'.
LaTeX Info: Redefining \showhyphens on input line 51.
Package microtype Info: Tracking enabled.
Package microtype Info: Using default tracking set `smallcaps'.
Package microtype Info: Adjustment of interword spacing enabled.
Package microtype Info: Using default spacing set `alltext-nott'.
Package microtype Info: Adjustment of character kerning enabled.
Package microtype Info: Using default kerning set `alltext'.

(/usr/local/texlive/2025/texmf-dist/tex/latex/microtype/mt-EBGaramond.cfg
File: mt-EBGaramond.cfg 2021/10/25 v2.0 microtype config. file: EB Garamond / A
dobe Garamond (RS)
)
(/usr/local/texlive/2025/texmf-dist/tex/generic/stringenc/se-pdfdoc.def
File: se-pdfdoc.def 2019/11/29 v1.12 stringenc: PDFDocEncoding
)
(/usr/local/texlive/2025/texmf-dist/tex/context/base/mkii/supp-pdf.mkii
[Loading MPS to PDF converter (version 2006.09.02).]
\scratchcounter=\count421
\scratchdimen=\dimen351
\scratchbox=\box137
\nofMPsegments=\count422
\nofMParguments=\count423
\everyMPshowfont=\toks69
\MPscratchCnt=\count424
\MPscratchDim=\dimen352
\MPnumerator=\count425
\makeMPintoPDFobject=\count426
\everyMPtoPDFconversion=\toks70
) (/usr/local/texlive/2025/texmf-dist/tex/latex/epstopdf-pkg/epstopdf-base.sty
Package: epstopdf-base 2020-01-24 v2.11 Base part for package epstopdf
Package epstopdf-base Info: Redefining graphics rule for `.eps' on input line 4
85.

(/usr/local/texlive/2025/texmf-dist/tex/latex/latexconfig/epstopdf-sys.cfg
File: epstopdf-sys.cfg 2010/07/13 v1.3 Configuration of (r)epstopdf for TeX Liv
e
))
Package hyperref Info: Link coloring OFF on input line 51.

*geometry* driver: auto-detecting
*geometry* detected driver: pdftex
*geometry* verbose mode - [ preamble ] result:
* driver: pdftex
* paper: <default>
* layout: <same size as paper>
* layoutoffset:(h,v)=(0.0pt,0.0pt)
* modes: twoside 
* h-part:(L,W,R)=(95.39693pt, 423.50114pt, 95.39693pt)
* v-part:(T,H,B)=(78.05173pt, 628.74878pt, 88.16948pt)
* \paperwidth=614.295pt
* \paperheight=794.96999pt
* \textwidth=423.50114pt
* \textheight=628.74878pt
* \oddsidemargin=23.12694pt
* \evensidemargin=23.12694pt
* \topmargin=-28.05377pt
* \headheight=28.0pt
* \headsep=20.2355pt
* \topskip=11.0pt
* \footskip=37.5807pt
* \marginparwidth=56.3705pt
* \marginparsep=10.11775pt
* \columnsep=10.0pt
* \skip\footins=12.0pt plus 4.0pt minus 2.0pt
* \hoffset=0.0pt
* \voffset=0.0pt
* \mag=1000
* \@twocolumnfalse
* \@twosidetrue
* \@mparswitchtrue
* \@reversemarginfalse
* (1in=72.27pt=25.4mm, 1cm=28.453pt)

LaTeX Font Info:    Font shape `T1/EBGaramond-OsF/m/n' will be
(Font)              scaled to size 17.28pt on input line 54.
LaTeX Font Info:    Font shape `T1/EBGaramond-OsF/m/it' will be
(Font)              scaled to size 17.28pt on input line 54.
LaTeX Font Info:    Font shape `T1/EBGaramond-OsF/m/n' will be
(Font)              scaled to size 10.0pt on input line 54.
LaTeX Font Info:    Font shape `T1/EBGaramond-OsF/m/n' will be
(Font)              scaled to size 7.3pt on input line 54.
LaTeX Font Info:    Font shape `T1/EBGaramond-OsF/m/n' will be
(Font)              scaled to size 5.5pt on input line 54.
LaTeX Font Info:    Font shape `OML/ntxebgmi/m/it' will be
(Font)              scaled to size 10.0pt on input line 54.
<<oml.cmap>>
LaTeX Font Info:    Font shape `OML/ntxebgmi/m/it' will be
(Font)              scaled to size 7.3pt on input line 54.
LaTeX Font Info:    Font shape `OML/ntxebgmi/m/it' will be
(Font)              scaled to size 5.5pt on input line 54.
LaTeX Font Info:    Font shape `LMS/ntxsy/m/n' will be
(Font)              scaled to size 10.0pt on input line 54.
LaTeX Font Info:    Font shape `LMS/ntxsy/m/n' will be
(Font)              scaled to size 7.3pt on input line 54.
LaTeX Font Info:    Font shape `LMS/ntxsy/m/n' will be
(Font)              scaled to size 5.5pt on input line 54.
LaTeX Font Info:    Font shape `LMX/ntxexx/m/n' will be
(Font)              scaled to size 10.0pt on input line 54.
LaTeX Font Info:    Font shape `LMX/ntxexx/m/n' will be
(Font)              scaled to size 7.3pt on input line 54.
LaTeX Font Info:    Font shape `LMX/ntxexx/m/n' will be
(Font)              scaled to size 5.5pt on input line 54.
LaTeX Font Info:    Trying to load font information for U+ntxmia on input line 
54.
 (/usr/local/texlive/2025/texmf-dist/tex/latex/newtx/untxmia.fd
File: untxmia.fd 2024/04/09 Fontinst v1.933 font definitions for U/ntxmia.
)
LaTeX Font Info:    Font shape `U/ntxmia/m/it' will be
(Font)              scaled to size 10.0pt on input line 54.
LaTeX Font Info:    Font shape `U/ntxmia/m/it' will be
(Font)              scaled to size 7.3pt on input line 54.
LaTeX Font Info:    Font shape `U/ntxmia/m/it' will be
(Font)              scaled to size 5.5pt on input line 54.
LaTeX Font Info:    Trying to load font information for U+ntxsyc on input line 
54.

(/usr/local/texlive/2025/texmf-dist/tex/latex/newtx/untxsyc.fd
File: untxsyc.fd 2012/04/12 Fontinst v1.933 font definitions for U/ntxsyc.
)
LaTeX Font Info:    Font shape `U/ntxsyc/m/n' will be
(Font)              scaled to size 10.0pt on input line 54.
LaTeX Font Info:    Font shape `U/ntxsyc/m/n' will be
(Font)              scaled to size 7.3pt on input line 54.
LaTeX Font Info:    Font shape `U/ntxsyc/m/n' will be
(Font)              scaled to size 5.5pt on input line 54.
LaTeX Font Info:    Font shape `U/ntxexa/m/n' will be
(Font)              scaled to size 10.0pt on input line 54.
LaTeX Font Info:    Font shape `U/ntxexa/m/n' will be
(Font)              scaled to size 7.3pt on input line 54.
LaTeX Font Info:    Font shape `U/ntxexa/m/n' will be
(Font)              scaled to size 5.5pt on input line 54.
LaTeX Font Info:    Trying to load font information for U+msa on input line 54.


(/usr/local/texlive/2025/texmf-dist/tex/latex/amsfonts/umsa.fd
File: umsa.fd 2013/01/14 v3.01 AMS symbols A
)
(/usr/local/texlive/2025/texmf-dist/tex/latex/microtype/mt-msa.cfg
File: mt-msa.cfg 2006/02/04 v1.1 microtype config. file: AMS symbols (a) (RS)
)
LaTeX Font Info:    Trying to load font information for U+msb on input line 54.


(/usr/local/texlive/2025/texmf-dist/tex/latex/amsfonts/umsb.fd
File: umsb.fd 2013/01/14 v3.01 AMS symbols B
)
(/usr/local/texlive/2025/texmf-dist/tex/latex/microtype/mt-msb.cfg
File: mt-msb.cfg 2005/06/01 v1.0 microtype config. file: AMS symbols (b) (RS)
)
LaTeX Font Info:    Font shape `T1/EBGaramond-OsF/b/n' will be
(Font)              scaled to size 10.0pt on input line 54.
LaTeX Font Info:    Font shape `T1/EBGaramond-OsF/b/n' will be
(Font)              scaled to size 7.3pt on input line 54.
LaTeX Font Info:    Font shape `T1/EBGaramond-OsF/b/n' will be
(Font)              scaled to size 5.5pt on input line 54.
LaTeX Font Info:    Font shape `OML/ntxebgmi/b/it' will be
(Font)              scaled to size 10.0pt on input line 54.
LaTeX Font Info:    Font shape `OML/ntxebgmi/b/it' will be
(Font)              scaled to size 7.3pt on input line 54.
LaTeX Font Info:    Font shape `OML/ntxebgmi/b/it' will be
(Font)              scaled to size 5.5pt on input line 54.
LaTeX Font Info:    Font shape `LMS/ntxsy/b/n' will be
(Font)              scaled to size 10.0pt on input line 54.
LaTeX Font Info:    Font shape `LMS/ntxsy/b/n' will be
(Font)              scaled to size 7.3pt on input line 54.
LaTeX Font Info:    Font shape `LMS/ntxsy/b/n' will be
(Font)              scaled to size 5.5pt on input line 54.
LaTeX Font Info:    Font shape `LMX/ntxexx/b/n' will be
(Font)              scaled to size 10.0pt on input line 54.
LaTeX Font Info:    Font shape `LMX/ntxexx/b/n' will be
(Font)              scaled to size 7.3pt on input line 54.
LaTeX Font Info:    Font shape `LMX/ntxexx/b/n' will be
(Font)              scaled to size 5.5pt on input line 54.
LaTeX Font Info:    Font shape `T1/EBGaramond-OsF/m/n' will be
(Font)              scaled to size 12.0pt on input line 54.
LaTeX Font Info:    Font shape `T1/EBGaramond-OsF/m/n' will be
(Font)              scaled to size 8.8pt on input line 54.
LaTeX Font Info:    Font shape `T1/EBGaramond-OsF/m/n' will be
(Font)              scaled to size 6.6pt on input line 54.
LaTeX Font Info:    Font shape `OML/ntxebgmi/m/it' will be
(Font)              scaled to size 12.0pt on input line 54.
LaTeX Font Info:    Font shape `OML/ntxebgmi/m/it' will be
(Font)              scaled to size 8.8pt on input line 54.
LaTeX Font Info:    Font shape `OML/ntxebgmi/m/it' will be
(Font)              scaled to size 6.6pt on input line 54.
LaTeX Font Info:    Font shape `LMS/ntxsy/m/n' will be
(Font)              scaled to size 12.0pt on input line 54.
LaTeX Font Info:    Font shape `LMS/ntxsy/m/n' will be
(Font)              scaled to size 8.8pt on input line 54.
LaTeX Font Info:    Font shape `LMS/ntxsy/m/n' will be
(Font)              scaled to size 6.6pt on input line 54.
LaTeX Font Info:    Font shape `LMX/ntxexx/m/n' will be
(Font)              scaled to size 12.0pt on input line 54.
LaTeX Font Info:    Font shape `LMX/ntxexx/m/n' will be
(Font)              scaled to size 8.8pt on input line 54.
LaTeX Font Info:    Font shape `LMX/ntxexx/m/n' will be
(Font)              scaled to size 6.6pt on input line 54.
LaTeX Font Info:    Font shape `U/ntxmia/m/it' will be
(Font)              scaled to size 12.0pt on input line 54.
LaTeX Font Info:    Font shape `U/ntxmia/m/it' will be
(Font)              scaled to size 8.8pt on input line 54.
LaTeX Font Info:    Font shape `U/ntxmia/m/it' will be
(Font)              scaled to size 6.6pt on input line 54.
LaTeX Font Info:    Font shape `U/ntxsyc/m/n' will be
(Font)              scaled to size 12.0pt on input line 54.
LaTeX Font Info:    Font shape `U/ntxsyc/m/n' will be
(Font)              scaled to size 8.8pt on input line 54.
LaTeX Font Info:    Font shape `U/ntxsyc/m/n' will be
(Font)              scaled to size 6.6pt on input line 54.
LaTeX Font Info:    Font shape `U/ntxexa/m/n' will be
(Font)              scaled to size 12.0pt on input line 54.
LaTeX Font Info:    Font shape `U/ntxexa/m/n' will be
(Font)              scaled to size 8.8pt on input line 54.
LaTeX Font Info:    Font shape `U/ntxexa/m/n' will be
(Font)              scaled to size 6.6pt on input line 54.
LaTeX Font Info:    Font shape `T1/EBGaramond-OsF/b/n' will be
(Font)              scaled to size 12.0pt on input line 54.
LaTeX Font Info:    Font shape `T1/EBGaramond-OsF/b/n' will be
(Font)              scaled to size 8.8pt on input line 54.
LaTeX Font Info:    Font shape `T1/EBGaramond-OsF/b/n' will be
(Font)              scaled to size 6.6pt on input line 54.
LaTeX Font Info:    Font shape `OML/ntxebgmi/b/it' will be
(Font)              scaled to size 12.0pt on input line 54.
LaTeX Font Info:    Font shape `OML/ntxebgmi/b/it' will be
(Font)              scaled to size 8.8pt on input line 54.
LaTeX Font Info:    Font shape `OML/ntxebgmi/b/it' will be
(Font)              scaled to size 6.6pt on input line 54.
LaTeX Font Info:    Font shape `LMS/ntxsy/b/n' will be
(Font)              scaled to size 12.0pt on input line 54.
LaTeX Font Info:    Font shape `LMS/ntxsy/b/n' will be
(Font)              scaled to size 8.8pt on input line 54.
LaTeX Font Info:    Font shape `LMS/ntxsy/b/n' will be
(Font)              scaled to size 6.6pt on input line 54.
LaTeX Font Info:    Font shape `LMX/ntxexx/b/n' will be
(Font)              scaled to size 12.0pt on input line 54.
LaTeX Font Info:    Font shape `LMX/ntxexx/b/n' will be
(Font)              scaled to size 8.8pt on input line 54.
LaTeX Font Info:    Font shape `LMX/ntxexx/b/n' will be
(Font)              scaled to size 6.6pt on input line 54.
LaTeX Font Info:    Font shape `T1/EBGaramond-OsF/sb/n' will be
(Font)              scaled to size 10.0pt on input line 55.
LaTeX Font Info:    Font shape `T1/EBGaramond-OsF/m/sc' will be
(Font)              scaled to size 17.28pt on input line 106.
LaTeX Font Info:    Font shape `T1/EBGaramond-OsF/m/n' will be
(Font)              scaled to size 8.0pt on input line 106.
LaTeX Font Info:    Font shape `T1/EBGaramond-OsF/m/n' will be
(Font)              scaled to size 6.1pt on input line 106.
LaTeX Font Info:    Font shape `OML/ntxebgmi/m/it' will be
(Font)              scaled to size 10.95pt on input line 106.
LaTeX Font Info:    Font shape `OML/ntxebgmi/m/it' will be
(Font)              scaled to size 8.0pt on input line 106.
LaTeX Font Info:    Font shape `OML/ntxebgmi/m/it' will be
(Font)              scaled to size 6.1pt on input line 106.
LaTeX Font Info:    Font shape `LMS/ntxsy/m/n' will be
(Font)              scaled to size 10.95pt on input line 106.
LaTeX Font Info:    Font shape `LMS/ntxsy/m/n' will be
(Font)              scaled to size 8.0pt on input line 106.
LaTeX Font Info:    Font shape `LMS/ntxsy/m/n' will be
(Font)              scaled to size 6.1pt on input line 106.
LaTeX Font Info:    Font shape `LMX/ntxexx/m/n' will be
(Font)              scaled to size 10.95pt on input line 106.
LaTeX Font Info:    Font shape `LMX/ntxexx/m/n' will be
(Font)              scaled to size 8.0pt on input line 106.
LaTeX Font Info:    Font shape `LMX/ntxexx/m/n' will be
(Font)              scaled to size 6.1pt on input line 106.
LaTeX Font Info:    Font shape `U/ntxmia/m/it' will be
(Font)              scaled to size 10.95pt on input line 106.
LaTeX Font Info:    Font shape `U/ntxmia/m/it' will be
(Font)              scaled to size 8.0pt on input line 106.
LaTeX Font Info:    Font shape `U/ntxmia/m/it' will be
(Font)              scaled to size 6.1pt on input line 106.
LaTeX Font Info:    Font shape `U/ntxsyc/m/n' will be
(Font)              scaled to size 10.95pt on input line 106.
LaTeX Font Info:    Font shape `U/ntxsyc/m/n' will be
(Font)              scaled to size 8.0pt on input line 106.
LaTeX Font Info:    Font shape `U/ntxsyc/m/n' will be
(Font)              scaled to size 6.1pt on input line 106.
LaTeX Font Info:    Font shape `U/ntxexa/m/n' will be
(Font)              scaled to size 10.95pt on input line 106.
LaTeX Font Info:    Font shape `U/ntxexa/m/n' will be
(Font)              scaled to size 8.0pt on input line 106.
LaTeX Font Info:    Font shape `U/ntxexa/m/n' will be
(Font)              scaled to size 6.1pt on input line 106.
LaTeX Font Info:    Font shape `T1/EBGaramond-OsF/b/n' will be
(Font)              scaled to size 10.95pt on input line 106.
LaTeX Font Info:    Font shape `T1/EBGaramond-OsF/b/n' will be
(Font)              scaled to size 8.0pt on input line 106.
LaTeX Font Info:    Font shape `T1/EBGaramond-OsF/b/n' will be
(Font)              scaled to size 6.1pt on input line 106.
LaTeX Font Info:    Font shape `OML/ntxebgmi/b/it' will be
(Font)              scaled to size 10.95pt on input line 106.
LaTeX Font Info:    Font shape `OML/ntxebgmi/b/it' will be
(Font)              scaled to size 8.0pt on input line 106.
LaTeX Font Info:    Font shape `OML/ntxebgmi/b/it' will be
(Font)              scaled to size 6.1pt on input line 106.
LaTeX Font Info:    Font shape `LMS/ntxsy/b/n' will be
(Font)              scaled to size 10.95pt on input line 106.
LaTeX Font Info:    Font shape `LMS/ntxsy/b/n' will be
(Font)              scaled to size 8.0pt on input line 106.
LaTeX Font Info:    Font shape `LMS/ntxsy/b/n' will be
(Font)              scaled to size 6.1pt on input line 106.
LaTeX Font Info:    Font shape `LMX/ntxexx/b/n' will be
(Font)              scaled to size 10.95pt on input line 106.
LaTeX Font Info:    Font shape `LMX/ntxexx/b/n' will be
(Font)              scaled to size 8.0pt on input line 106.
LaTeX Font Info:    Font shape `LMX/ntxexx/b/n' will be
(Font)              scaled to size 6.1pt on input line 106.

(out/proj.toc
LaTeX Font Info:    Font shape `T1/EBGaramond-OsF/m/sc' will be
(Font)              scaled to size 10.95pt on input line 1.
LaTeX Font Info:    Font shape `T1/EBGaramond-OsF/sb/n' will be
(Font)              scaled to size 10.95pt on input line 1.


[1

{/usr/local/texlive/2025/texmf-var/fonts/map/pdftex/updmap/pdftex.map}{/usr/loc
al/texlive/2025/texmf-dist/fonts/enc/dvips/ebgaramond/ebg_ljow5q.enc}{/usr/loca
l/texlive/2025/texmf-dist/fonts/enc/dvips/ebgaramond/ebg_tcdnmr.enc}
checksum mismatch in font ntxebgmia.vf ignored
character width mismatch in font ntxebgmia.vf ignored
character width mismatch in font ntxebgmia.vf ignored
character width mismatch in font ntxebgmia.vf ignored
character width mismatch in font ntxebgmia.vf ignored
character width mismatch in font ntxebgmia.vf ignored
character width mismatch in font ntxebgmia.vf ignored
character width mismatch in font ntxebgmia.vf ignored
character width mismatch in font ntxebgmia.vf ignored
character width mismatch in font ntxebgmia.vf ignored
checksum mismatch in font ntxebgmia.vf ignored
character width mismatch in font ntxebgmia.vf ignored
character width mismatch in font ntxebgmia.vf ignored
character width mismatch in font ntxebgmia.vf ignored
character width mismatch in font ntxebgmia.vf ignored
character width mismatch in font ntxebgmia.vf ignored
character width mismatch in font ntxebgmia.vf ignored
character width mismatch in font ntxebgmia.vf ignored
character width mismatch in font ntxebgmia.vf ignored
character width mismatch in font ntxebgmia.vf ignored{/usr/local/texlive/2025/t
exmf-dist/fonts/enc/dvips/ebgaramond/ebg_byuyni.enc}])
LaTeX Font Info:    Font shape `T1/EBGaramond-OsF/m/sc' will be
(Font)              scaled to size 12.0pt on input line 107.
LaTeX Font Info:    Font shape `T1/EBGaramond-OsF/m/it' will be
(Font)              scaled to size 10.95pt on input line 138.


LaTeX Font Info:    Font shape `T1/EBGaramond-OsF/m/sc' will be
(Font)              scaled to size 10.0pt on input line 166.
[2
checksum mismatch in font ntxebgmia.vf ignored
character width mismatch in font ntxebgmia.vf ignored
character width mismatch in font ntxebgmia.vf ignored
character width mismatch in font ntxebgmia.vf ignored
character width mismatch in font ntxebgmia.vf ignored
character width mismatch in font ntxebgmia.vf ignored
character width mismatch in font ntxebgmia.vf ignored
character width mismatch in font ntxebgmia.vf ignored
character width mismatch in font ntxebgmia.vf ignored
character width mismatch in font ntxebgmia.vf ignored
checksum mismatch in font ntxebgmia.vf ignored
character width mismatch in font ntxebgmia.vf ignored
character width mismatch in font ntxebgmia.vf ignored
character width mismatch in font ntxebgmia.vf ignored
character width mismatch in font ntxebgmia.vf ignored
character width mismatch in font ntxebgmia.vf ignored
character width mismatch in font ntxebgmia.vf ignored
character width mismatch in font ntxebgmia.vf ignored
character width mismatch in font ntxebgmia.vf ignored
character width mismatch in font ntxebgmia.vf ignored]

[3]

[4]

[5]

[6]

[7]

[8]

[9]

[10]
LaTeX Font Info:    Freeze math alphabet allocation in version normal.
(Font)              Allocated math groups: 14 (local: 2) on input line 707.
LaTeX Font Info:    Trying to load font information for OT1+SourceSansPro-TLF o
n input line 707.

(/usr/local/texlive/2025/texmf-dist/tex/latex/sourcesanspro/OT1SourceSansPro-TL
F.fd
File: OT1SourceSansPro-TLF.fd 2020/01/19 (autoinst) Font definitions for OT1/So
urceSansPro-TLF.
)
LaTeX Font Info:    Font shape `OT1/SourceSansPro-TLF/m/n' aliased to
(Font)              `OT1/SourceSansPro-TLF/regular/n' on input line 707.
LaTeX Font Info:    Font shape `OT1/SourceSansPro-TLF/regular/n' will be
(Font)              scaled to size 10.07397pt on input line 707.
<<ot1.cmap>>
LaTeX Font Info:    Font shape `OT1/SourceSansPro-TLF/m/n' aliased to
(Font)              `OT1/SourceSansPro-TLF/regular/n' on input line 707.
LaTeX Font Info:    Font shape `OT1/SourceSansPro-TLF/regular/n' will be
(Font)              scaled to size 7.35999pt on input line 707.
LaTeX Font Info:    Font shape `OT1/SourceSansPro-TLF/m/n' aliased to
(Font)              `OT1/SourceSansPro-TLF/regular/n' on input line 707.
LaTeX Font Info:    Font shape `OT1/SourceSansPro-TLF/regular/n' will be
(Font)              scaled to size 5.61198pt on input line 707.
LaTeX Font Info:    Undo math alphabet allocation in version normal on input li
ne 708.
LaTeX Font Info:    No math alphabet change to frozen version normal on input l
ine 709.
LaTeX Font Info:    No math alphabet change to frozen version normal on input l
ine 710.
LaTeX Font Info:    No math alphabet change to frozen version normal on input l
ine 711.
LaTeX Font Info:    Undo math alphabet allocation in version normal on input li
ne 719.
LaTeX Font Info:    No math alphabet change to frozen version normal on input l
ine 720.
LaTeX Font Info:    No math alphabet change to frozen version normal on input l
ine 720.
LaTeX Font Info:    No math alphabet change to frozen version normal on input l
ine 721.


[11{/usr/local/texlive/2025/texmf-dist/fonts/enc/dvips/sourcesanspro/a_ea4zg5.e
nc}]
LaTeX Font Info:    No math alphabet change to frozen version normal on input l
ine 724.
LaTeX Font Info:    No math alphabet change to frozen version normal on input l
ine 729.
LaTeX Font Info:    No math alphabet change to frozen version normal on input l
ine 738.
LaTeX Font Info:    No math alphabet change to frozen version normal on input l
ine 745.
LaTeX Font Info:    No math alphabet change to frozen version normal on input l
ine 748.
LaTeX Font Info:    No math alphabet change to frozen version normal on input l
ine 751.
LaTeX Font Info:    No math alphabet change to frozen version normal on input l
ine 754.
LaTeX Font Info:    No math alphabet change to frozen version normal on input l
ine 755.
LaTeX Font Info:    No math alphabet change to frozen version normal on input l
ine 760.
LaTeX Font Info:    No math alphabet change to frozen version normal on input l
ine 762.
LaTeX Font Info:    No math alphabet change to frozen version normal on input l
ine 765.
LaTeX Font Info:    No math alphabet change to frozen version normal on input l
ine 766.
LaTeX Font Info:    No math alphabet change to frozen version normal on input l
ine 768.
LaTeX Font Info:    No math alphabet change to frozen version normal on input l
ine 770.
LaTeX Font Info:    No math alphabet change to frozen version normal on input l
ine 775.
LaTeX Font Info:    No math alphabet change to frozen version normal on input l
ine 775.
LaTeX Font Info:    No math alphabet change to frozen version normal on input l
ine 776.
LaTeX Font Info:    No math alphabet change to frozen version normal on input l
ine 779.


[12]
LaTeX Font Info:    No math alphabet change to frozen version normal on input l
ine 781.
LaTeX Font Info:    No math alphabet change to frozen version normal on input l
ine 793.
LaTeX Font Info:    No math alphabet change to frozen version normal on input l
ine 798.
LaTeX Font Info:    No math alphabet change to frozen version normal on input l
ine 799.
LaTeX Font Info:    No math alphabet change to frozen version normal on input l
ine 803.
LaTeX Font Info:    No math alphabet change to frozen version normal on input l
ine 806.
LaTeX Font Info:    No math alphabet change to frozen version normal on input l
ine 807.
LaTeX Font Info:    No math alphabet change to frozen version normal on input l
ine 808.
LaTeX Font Info:    No math alphabet change to frozen version normal on input l
ine 808.
LaTeX Font Info:    No math alphabet change to frozen version normal on input l
ine 810.
LaTeX Font Info:    No math alphabet change to frozen version normal on input l
ine 815.
LaTeX Font Info:    No math alphabet change to frozen version normal on input l
ine 817.
LaTeX Font Info:    No math alphabet change to frozen version normal on input l
ine 817.
LaTeX Font Info:    No math alphabet change to frozen version normal on input l
ine 817.
LaTeX Font Info:    No math alphabet change to frozen version normal on input l
ine 817.
LaTeX Font Info:    No math alphabet change to frozen version normal on input l
ine 817.
LaTeX Font Info:    No math alphabet change to frozen version normal on input l
ine 818.
LaTeX Font Info:    No math alphabet change to frozen version normal on input l
ine 819.
LaTeX Font Info:    No math alphabet change to frozen version normal on input l
ine 819.
LaTeX Font Info:    No math alphabet change to frozen version normal on input l
ine 819.
LaTeX Font Info:    No math alphabet change to frozen version normal on input l
ine 822.
LaTeX Font Info:    No math alphabet change to frozen version normal on input l
ine 823.
LaTeX Font Info:    No math alphabet change to frozen version normal on input l
ine 825.
LaTeX Font Info:    No math alphabet change to frozen version normal on input l
ine 826.
LaTeX Font Info:    No math alphabet change to frozen version normal on input l
ine 829.
LaTeX Font Info:    No math alphabet change to frozen version normal on input l
ine 836.
LaTeX Font Info:    No math alphabet change to frozen version normal on input l
ine 837.
LaTeX Font Info:    No math alphabet change to frozen version normal on input l
ine 839.
LaTeX Font Info:    No math alphabet change to frozen version normal on input l
ine 839.
LaTeX Font Info:    No math alphabet change to frozen version normal on input l
ine 839.
LaTeX Font Info:    No math alphabet change to frozen version normal on input l
ine 839.
LaTeX Font Info:    No math alphabet change to frozen version normal on input l
ine 839.
LaTeX Font Info:    No math alphabet change to frozen version normal on input l
ine 842.
LaTeX Font Info:    No math alphabet change to frozen version normal on input l
ine 845.
LaTeX Font Info:    No math alphabet change to frozen version normal on input l
ine 846.
LaTeX Font Info:    No math alphabet change to frozen version normal on input l
ine 847.
LaTeX Font Info:    No math alphabet change to frozen version normal on input l
ine 849.
LaTeX Font Info:    No math alphabet change to frozen version normal on input l
ine 849.
LaTeX Font Info:    No math alphabet change to frozen version normal on input l
ine 849.
LaTeX Font Info:    No math alphabet change to frozen version normal on input l
ine 849.


[13]
LaTeX Font Info:    No math alphabet change to frozen version normal on input l
ine 849.
LaTeX Font Info:    No math alphabet change to frozen version normal on input l
ine 851.
LaTeX Font Info:    No math alphabet change to frozen version normal on input l
ine 852.
LaTeX Font Info:    No math alphabet change to frozen version normal on input l
ine 852.
LaTeX Font Info:    No math alphabet change to frozen version normal on input l
ine 852.
LaTeX Font Info:    No math alphabet change to frozen version normal on input l
ine 853.
LaTeX Font Info:    No math alphabet change to frozen version normal on input l
ine 854.
LaTeX Font Info:    No math alphabet change to frozen version normal on input l
ine 854.
LaTeX Font Info:    No math alphabet change to frozen version normal on input l
ine 855.
LaTeX Font Info:    No math alphabet change to frozen version normal on input l
ine 857.
LaTeX Font Info:    No math alphabet change to frozen version normal on input l
ine 859.
LaTeX Font Info:    No math alphabet change to frozen version normal on input l
ine 859.
LaTeX Font Info:    No math alphabet change to frozen version normal on input l
ine 859.
LaTeX Font Info:    No math alphabet change to frozen version normal on input l
ine 859.
LaTeX Font Info:    No math alphabet change to frozen version normal on input l
ine 859.
LaTeX Font Info:    No math alphabet change to frozen version normal on input l
ine 861.
LaTeX Font Info:    No math alphabet change to frozen version normal on input l
ine 861.
LaTeX Font Info:    No math alphabet change to frozen version normal on input l
ine 861.
LaTeX Font Info:    No math alphabet change to frozen version normal on input l
ine 861.
LaTeX Font Info:    No math alphabet change to frozen version normal on input l
ine 863.
LaTeX Font Info:    No math alphabet change to frozen version normal on input l
ine 863.
LaTeX Font Info:    No math alphabet change to frozen version normal on input l
ine 863.
LaTeX Font Info:    No math alphabet change to frozen version normal on input l
ine 863.
LaTeX Font Info:    No math alphabet change to frozen version normal on input l
ine 863.
LaTeX Font Info:    No math alphabet change to frozen version normal on input l
ine 864.
LaTeX Font Info:    No math alphabet change to frozen version normal on input l
ine 864.
LaTeX Font Info:    No math alphabet change to frozen version normal on input l
ine 864.
LaTeX Font Info:    No math alphabet change to frozen version normal on input l
ine 864.
LaTeX Font Info:    No math alphabet change to frozen version normal on input l
ine 864.
LaTeX Font Info:    No math alphabet change to frozen version normal on input l
ine 865.
LaTeX Font Info:    No math alphabet change to frozen version normal on input l
ine 865.
LaTeX Font Info:    No math alphabet change to frozen version normal on input l
ine 865.
LaTeX Font Info:    No math alphabet change to frozen version normal on input l
ine 865.
LaTeX Font Info:    No math alphabet change to frozen version normal on input l
ine 865.
LaTeX Font Info:    No math alphabet change to frozen version normal on input l
ine 866.
LaTeX Font Info:    No math alphabet change to frozen version normal on input l
ine 866.
LaTeX Font Info:    No math alphabet change to frozen version normal on input l
ine 866.
LaTeX Font Info:    No math alphabet change to frozen version normal on input l
ine 866.
LaTeX Font Info:    No math alphabet change to frozen version normal on input l
ine 866.
LaTeX Font Info:    No math alphabet change to frozen version normal on input l
ine 867.
LaTeX Font Info:    No math alphabet change to frozen version normal on input l
ine 867.
LaTeX Font Info:    No math alphabet change to frozen version normal on input l
ine 867.
LaTeX Font Info:    No math alphabet change to frozen version normal on input l
ine 867.
LaTeX Font Info:    No math alphabet change to frozen version normal on input l
ine 868.
LaTeX Font Info:    No math alphabet change to frozen version normal on input l
ine 868.
LaTeX Font Info:    No math alphabet change to frozen version normal on input l
ine 870.
LaTeX Font Info:    No math alphabet change to frozen version normal on input l
ine 870.
LaTeX Font Info:    No math alphabet change to frozen version normal on input l
ine 870.
LaTeX Font Info:    No math alphabet change to frozen version normal on input l
ine 870.
LaTeX Font Info:    No math alphabet change to frozen version normal on input l
ine 871.
LaTeX Font Info:    No math alphabet change to frozen version normal on input l
ine 871.
LaTeX Font Info:    No math alphabet change to frozen version normal on input l
ine 871.
LaTeX Font Info:    No math alphabet change to frozen version normal on input l
ine 871.
LaTeX Font Info:    No math alphabet change to frozen version normal on input l
ine 871.
LaTeX Font Info:    No math alphabet change to frozen version normal on input l
ine 872.
LaTeX Font Info:    No math alphabet change to frozen version normal on input l
ine 872.
LaTeX Font Info:    No math alphabet change to frozen version normal on input l
ine 872.
LaTeX Font Info:    No math alphabet change to frozen version normal on input l
ine 872.
LaTeX Font Info:    No math alphabet change to frozen version normal on input l
ine 872.
LaTeX Font Info:    No math alphabet change to frozen version normal on input l
ine 873.
LaTeX Font Info:    No math alphabet change to frozen version normal on input l
ine 873.
LaTeX Font Info:    No math alphabet change to frozen version normal on input l
ine 873.
LaTeX Font Info:    No math alphabet change to frozen version normal on input l
ine 873.
LaTeX Font Info:    No math alphabet change to frozen version normal on input l
ine 873.
LaTeX Font Info:    No math alphabet change to frozen version normal on input l
ine 874.
LaTeX Font Info:    No math alphabet change to frozen version normal on input l
ine 874.
LaTeX Font Info:    No math alphabet change to frozen version normal on input l
ine 874.
LaTeX Font Info:    No math alphabet change to frozen version normal on input l
ine 874.
LaTeX Font Info:    No math alphabet change to frozen version normal on input l
ine 874.
LaTeX Font Info:    No math alphabet change to frozen version normal on input l
ine 875.
LaTeX Font Info:    No math alphabet change to frozen version normal on input l
ine 875.
LaTeX Font Info:    No math alphabet change to frozen version normal on input l
ine 875.
LaTeX Font Info:    No math alphabet change to frozen version normal on input l
ine 875.
LaTeX Font Info:    No math alphabet change to frozen version normal on input l
ine 875.
LaTeX Font Info:    No math alphabet change to frozen version normal on input l
ine 875.
LaTeX Font Info:    No math alphabet change to frozen version normal on input l
ine 877.
LaTeX Font Info:    No math alphabet change to frozen version normal on input l
ine 877.
LaTeX Font Info:    No math alphabet change to frozen version normal on input l
ine 877.
LaTeX Font Info:    No math alphabet change to frozen version normal on input l
ine 877.
LaTeX Font Info:    No math alphabet change to frozen version normal on input l
ine 878.
LaTeX Font Info:    No math alphabet change to frozen version normal on input l
ine 878.
LaTeX Font Info:    No math alphabet change to frozen version normal on input l
ine 878.
LaTeX Font Info:    No math alphabet change to frozen version normal on input l
ine 878.
LaTeX Font Info:    No math alphabet change to frozen version normal on input l
ine 878.
LaTeX Font Info:    No math alphabet change to frozen version normal on input l
ine 879.
LaTeX Font Info:    No math alphabet change to frozen version normal on input l
ine 879.
LaTeX Font Info:    No math alphabet change to frozen version normal on input l
ine 879.
LaTeX Font Info:    No math alphabet change to frozen version normal on input l
ine 879.
LaTeX Font Info:    No math alphabet change to frozen version normal on input l
ine 879.
LaTeX Font Info:    No math alphabet change to frozen version normal on input l
ine 880.
LaTeX Font Info:    No math alphabet change to frozen version normal on input l
ine 880.
LaTeX Font Info:    No math alphabet change to frozen version normal on input l
ine 880.
LaTeX Font Info:    No math alphabet change to frozen version normal on input l
ine 880.
LaTeX Font Info:    No math alphabet change to frozen version normal on input l
ine 880.
LaTeX Font Info:    No math alphabet change to frozen version normal on input l
ine 881.
LaTeX Font Info:    No math alphabet change to frozen version normal on input l
ine 881.
LaTeX Font Info:    No math alphabet change to frozen version normal on input l
ine 881.
LaTeX Font Info:    No math alphabet change to frozen version normal on input l
ine 881.
LaTeX Font Info:    No math alphabet change to frozen version normal on input l
ine 881.
LaTeX Font Info:    No math alphabet change to frozen version normal on input l
ine 882.
LaTeX Font Info:    No math alphabet change to frozen version normal on input l
ine 882.
LaTeX Font Info:    No math alphabet change to frozen version normal on input l
ine 882.
LaTeX Font Info:    No math alphabet change to frozen version normal on input l
ine 882.
LaTeX Font Info:    No math alphabet change to frozen version normal on input l
ine 882.
LaTeX Font Info:    No math alphabet change to frozen version normal on input l
ine 882.
LaTeX Font Info:    No math alphabet change to frozen version normal on input l
ine 888.
LaTeX Font Info:    No math alphabet change to frozen version normal on input l
ine 889.
LaTeX Font Info:    No math alphabet change to frozen version normal on input l
ine 892.
LaTeX Font Info:    No math alphabet change to frozen version normal on input l
ine 892.
LaTeX Font Info:    No math alphabet change to frozen version normal on input l
ine 893.
LaTeX Font Info:    No math alphabet change to frozen version normal on input l
ine 894.
LaTeX Font Info:    No math alphabet change to frozen version normal on input l
ine 894.
LaTeX Font Info:    No math alphabet change to frozen version normal on input l
ine 894.
LaTeX Font Info:    No math alphabet change to frozen version normal on input l
ine 894.
LaTeX Font Info:    No math alphabet change to frozen version normal on input l
ine 894.
LaTeX Font Info:    No math alphabet change to frozen version normal on input l
ine 894.
LaTeX Font Info:    No math alphabet change to frozen version normal on input l
ine 894.
LaTeX Font Info:    No math alphabet change to frozen version normal on input l
ine 894.
LaTeX Font Info:    No math alphabet change to frozen version normal on input l
ine 894.
LaTeX Font Info:    No math alphabet change to frozen version normal on input l
ine 894.
LaTeX Font Info:    No math alphabet change to frozen version normal on input l
ine 894.
LaTeX Font Info:    No math alphabet change to frozen version normal on input l
ine 894.
LaTeX Font Info:    No math alphabet change to frozen version normal on input l
ine 894.
LaTeX Font Info:    No math alphabet change to frozen version normal on input l
ine 894.
LaTeX Font Info:    No math alphabet change to frozen version normal on input l
ine 894.
LaTeX Font Info:    No math alphabet change to frozen version normal on input l
ine 894.
LaTeX Font Info:    No math alphabet change to frozen version normal on input l
ine 894.
LaTeX Font Info:    No math alphabet change to frozen version normal on input l
ine 894.
LaTeX Font Info:    No math alphabet change to frozen version normal on input l
ine 894.
LaTeX Font Info:    No math alphabet change to frozen version normal on input l
ine 894.
LaTeX Font Info:    No math alphabet change to frozen version normal on input l
ine 894.
LaTeX Font Info:    No math alphabet change to frozen version normal on input l
ine 894.
LaTeX Font Info:    No math alphabet change to frozen version normal on input l
ine 894.
LaTeX Font Info:    No math alphabet change to frozen version normal on input l
ine 894.
LaTeX Font Info:    No math alphabet change to frozen version normal on input l
ine 894.
LaTeX Font Info:    No math alphabet change to frozen version normal on input l
ine 894.
LaTeX Font Info:    No math alphabet change to frozen version normal on input l
ine 894.
LaTeX Font Info:    No math alphabet change to frozen version normal on input l
ine 894.
LaTeX Font Info:    No math alphabet change to frozen version normal on input l
ine 894.
LaTeX Font Info:    No math alphabet change to frozen version normal on input l
ine 894.
LaTeX Font Info:    No math alphabet change to frozen version normal on input l
ine 894.
LaTeX Font Info:    No math alphabet change to frozen version normal on input l
ine 894.
LaTeX Font Info:    No math alphabet change to frozen version normal on input l
ine 894.
LaTeX Font Info:    No math alphabet change to frozen version normal on input l
ine 894.
LaTeX Font Info:    No math alphabet change to frozen version normal on input l
ine 894.
LaTeX Font Info:    No math alphabet change to frozen version normal on input l
ine 894.
LaTeX Font Info:    No math alphabet change to frozen version normal on input l
ine 894.
LaTeX Font Info:    No math alphabet change to frozen version normal on input l
ine 895.
LaTeX Font Info:    No math alphabet change to frozen version normal on input l
ine 899.


[14]
LaTeX Font Info:    No math alphabet change to frozen version normal on input l
ine 901.
LaTeX Font Info:    No math alphabet change to frozen version normal on input l
ine 902.
LaTeX Font Info:    No math alphabet change to frozen version normal on input l
ine 903.
LaTeX Font Info:    No math alphabet change to frozen version normal on input l
ine 903.
LaTeX Font Info:    No math alphabet change to frozen version normal on input l
ine 904.
LaTeX Font Info:    No math alphabet change to frozen version normal on input l
ine 904.
LaTeX Font Info:    No math alphabet change to frozen version normal on input l
ine 905.
LaTeX Font Info:    No math alphabet change to frozen version normal on input l
ine 906.
LaTeX Font Info:    No math alphabet change to frozen version normal on input l
ine 907.
LaTeX Font Info:    No math alphabet change to frozen version normal on input l
ine 909.
LaTeX Font Info:    No math alphabet change to frozen version normal on input l
ine 914.
LaTeX Font Info:    No math alphabet change to frozen version normal on input l
ine 916.
LaTeX Font Info:    No math alphabet change to frozen version normal on input l
ine 917.
LaTeX Font Info:    No math alphabet change to frozen version normal on input l
ine 923.
LaTeX Font Info:    No math alphabet change to frozen version normal on input l
ine 923.
LaTeX Font Info:    No math alphabet change to frozen version normal on input l
ine 923.
LaTeX Font Info:    No math alphabet change to frozen version normal on input l
ine 923.
LaTeX Font Info:    No math alphabet change to frozen version normal on input l
ine 924.
LaTeX Font Info:    No math alphabet change to frozen version normal on input l
ine 925.
LaTeX Font Info:    No math alphabet change to frozen version normal on input l
ine 928.
LaTeX Font Info:    No math alphabet change to frozen version normal on input l
ine 933.
LaTeX Font Info:    No math alphabet change to frozen version normal on input l
ine 940.
LaTeX Font Info:    No math alphabet change to frozen version normal on input l
ine 940.
LaTeX Font Info:    No math alphabet change to frozen version normal on input l
ine 940.
LaTeX Font Info:    No math alphabet change to frozen version normal on input l
ine 940.
LaTeX Font Info:    No math alphabet change to frozen version normal on input l
ine 940.
LaTeX Font Info:    No math alphabet change to frozen version normal on input l
ine 940.
LaTeX Font Info:    No math alphabet change to frozen version normal on input l
ine 940.
LaTeX Font Info:    No math alphabet change to frozen version normal on input l
ine 940.
LaTeX Font Info:    No math alphabet change to frozen version normal on input l
ine 940.
LaTeX Font Info:    No math alphabet change to frozen version normal on input l
ine 940.
LaTeX Font Info:    No math alphabet change to frozen version normal on input l
ine 940.
LaTeX Font Info:    No math alphabet change to frozen version normal on input l
ine 940.
LaTeX Font Info:    No math alphabet change to frozen version normal on input l
ine 942.
LaTeX Font Info:    No math alphabet change to frozen version normal on input l
ine 948.
LaTeX Font Info:    No math alphabet change to frozen version normal on input l
ine 950.
LaTeX Font Info:    No math alphabet change to frozen version normal on input l
ine 951.
LaTeX Font Info:    No math alphabet change to frozen version normal on input l
ine 952.
LaTeX Font Info:    No math alphabet change to frozen version normal on input l
ine 953.
LaTeX Font Info:    No math alphabet change to frozen version normal on input l
ine 955.
LaTeX Font Info:    No math alphabet change to frozen version normal on input l
ine 956.


[15]
LaTeX Font Info:    No math alphabet change to frozen version normal on input l
ine 957.
LaTeX Font Info:    No math alphabet change to frozen version normal on input l
ine 959.
LaTeX Font Info:    No math alphabet change to frozen version normal on input l
ine 961.
LaTeX Font Info:    No math alphabet change to frozen version normal on input l
ine 962.
LaTeX Font Info:    No math alphabet change to frozen version normal on input l
ine 964.
LaTeX Font Info:    No math alphabet change to frozen version normal on input l
ine 967.
LaTeX Font Info:    No math alphabet change to frozen version normal on input l
ine 970.
LaTeX Font Info:    No math alphabet change to frozen version normal on input l
ine 971.
LaTeX Font Info:    No math alphabet change to frozen version normal on input l
ine 972.
LaTeX Font Info:    No math alphabet change to frozen version normal on input l
ine 973.
LaTeX Font Info:    No math alphabet change to frozen version normal on input l
ine 974.
LaTeX Font Info:    No math alphabet change to frozen version normal on input l
ine 978.
LaTeX Font Info:    No math alphabet change to frozen version normal on input l
ine 978.
LaTeX Font Info:    No math alphabet change to frozen version normal on input l
ine 978.
LaTeX Font Info:    No math alphabet change to frozen version normal on input l
ine 978.
LaTeX Font Info:    No math alphabet change to frozen version normal on input l
ine 979.
LaTeX Font Info:    No math alphabet change to frozen version normal on input l
ine 981.
LaTeX Font Info:    No math alphabet change to frozen version normal on input l
ine 981.
LaTeX Font Info:    No math alphabet change to frozen version normal on input l
ine 981.
LaTeX Font Info:    No math alphabet change to frozen version normal on input l
ine 981.
LaTeX Font Info:    No math alphabet change to frozen version normal on input l
ine 983.
LaTeX Font Info:    No math alphabet change to frozen version normal on input l
ine 983.
LaTeX Font Info:    No math alphabet change to frozen version normal on input l
ine 983.
LaTeX Font Info:    No math alphabet change to frozen version normal on input l
ine 983.
LaTeX Font Info:    No math alphabet change to frozen version normal on input l
ine 985.
LaTeX Font Info:    No math alphabet change to frozen version normal on input l
ine 985.
LaTeX Font Info:    No math alphabet change to frozen version normal on input l
ine 985.
LaTeX Font Info:    No math alphabet change to frozen version normal on input l
ine 985.
LaTeX Font Info:    No math alphabet change to frozen version normal on input l
ine 985.
LaTeX Font Info:    No math alphabet change to frozen version normal on input l
ine 986.
LaTeX Font Info:    No math alphabet change to frozen version normal on input l
ine 987.
LaTeX Font Info:    No math alphabet change to frozen version normal on input l
ine 987.
LaTeX Font Info:    No math alphabet change to frozen version normal on input l
ine 992.
LaTeX Font Info:    No math alphabet change to frozen version normal on input l
ine 993.
LaTeX Font Info:    No math alphabet change to frozen version normal on input l
ine 995.
LaTeX Font Info:    No math alphabet change to frozen version normal on input l
ine 997.
LaTeX Font Info:    No math alphabet change to frozen version normal on input l
ine 998.
LaTeX Font Info:    No math alphabet change to frozen version normal on input l
ine 999.
LaTeX Font Info:    No math alphabet change to frozen version normal on input l
ine 1000.
LaTeX Font Info:    No math alphabet change to frozen version normal on input l
ine 1001.
LaTeX Font Info:    No math alphabet change to frozen version normal on input l
ine 1002.
LaTeX Font Info:    No math alphabet change to frozen version normal on input l
ine 1004.
LaTeX Font Info:    No math alphabet change to frozen version normal on input l
ine 1006.


[16]
LaTeX Font Info:    No math alphabet change to frozen version normal on input l
ine 1009.
LaTeX Font Info:    No math alphabet change to frozen version normal on input l
ine 1010.
LaTeX Font Info:    No math alphabet change to frozen version normal on input l
ine 1012.
LaTeX Font Info:    No math alphabet change to frozen version normal on input l
ine 1015.
LaTeX Font Info:    No math alphabet change to frozen version normal on input l
ine 1016.
LaTeX Font Info:    No math alphabet change to frozen version normal on input l
ine 1017.
LaTeX Font Info:    No math alphabet change to frozen version normal on input l
ine 1017.
LaTeX Font Info:    No math alphabet change to frozen version normal on input l
ine 1018.
LaTeX Font Info:    No math alphabet change to frozen version normal on input l
ine 1020.
LaTeX Font Info:    No math alphabet change to frozen version normal on input l
ine 1021.
LaTeX Font Info:    No math alphabet change to frozen version normal on input l
ine 1022.
LaTeX Font Info:    Trying to load font information for TS1+EBGaramond-OsF on i
nput line 1024.

(/usr/local/texlive/2025/texmf-dist/tex/latex/ebgaramond/TS1EBGaramond-OsF.fd
File: TS1EBGaramond-OsF.fd 2023/03/19 (autoinst) Font definitions for TS1/EBGar
amond-OsF.
)
LaTeX Font Info:    Font shape `TS1/EBGaramond-OsF/m/n' will be
(Font)              scaled to size 10.95pt on input line 1024.
LaTeX Font Info:    No math alphabet change to frozen version normal on input l
ine 1024.
LaTeX Font Info:    No math alphabet change to frozen version normal on input l
ine 1025.
LaTeX Font Info:    No math alphabet change to frozen version normal on input l
ine 1030.
LaTeX Font Info:    No math alphabet change to frozen version normal on input l
ine 1032.
LaTeX Font Info:    No math alphabet change to frozen version normal on input l
ine 1033.
LaTeX Font Info:    No math alphabet change to frozen version normal on input l
ine 1034.
LaTeX Font Info:    No math alphabet change to frozen version normal on input l
ine 1036.
LaTeX Font Info:    No math alphabet change to frozen version normal on input l
ine 1040.
LaTeX Font Info:    No math alphabet change to frozen version normal on input l
ine 1042.
LaTeX Font Info:    No math alphabet change to frozen version normal on input l
ine 1043.
LaTeX Font Info:    No math alphabet change to frozen version normal on input l
ine 1044.
LaTeX Font Info:    No math alphabet change to frozen version normal on input l
ine 1046.
LaTeX Font Info:    No math alphabet change to frozen version normal on input l
ine 1049.
LaTeX Font Info:    No math alphabet change to frozen version normal on input l
ine 1050.
LaTeX Font Info:    No math alphabet change to frozen version normal on input l
ine 1051.
LaTeX Font Info:    No math alphabet change to frozen version normal on input l
ine 1051.
LaTeX Font Info:    No math alphabet change to frozen version normal on input l
ine 1055.
LaTeX Font Info:    No math alphabet change to frozen version normal on input l
ine 1059.
LaTeX Font Info:    No math alphabet change to frozen version normal on input l
ine 1059.
LaTeX Font Info:    No math alphabet change to frozen version normal on input l
ine 1060.
LaTeX Font Info:    No math alphabet change to frozen version normal on input l
ine 1060.
LaTeX Font Info:    No math alphabet change to frozen version normal on input l
ine 1061.
LaTeX Font Info:    No math alphabet change to frozen version normal on input l
ine 1061.
LaTeX Font Info:    No math alphabet change to frozen version normal on input l
ine 1062.
LaTeX Font Info:    No math alphabet change to frozen version normal on input l
ine 1062.


[17{/usr/local/texlive/2025/texmf-dist/fonts/enc/dvips/ebgaramond/ebg_yod6vr.en
c}]
LaTeX Font Info:    No math alphabet change to frozen version normal on input l
ine 1071.
LaTeX Font Info:    No math alphabet change to frozen version normal on input l
ine 1074.
LaTeX Font Info:    No math alphabet change to frozen version normal on input l
ine 1080.
LaTeX Font Info:    No math alphabet change to frozen version normal on input l
ine 1083.
LaTeX Font Info:    No math alphabet change to frozen version normal on input l
ine 1084.
LaTeX Font Info:    No math alphabet change to frozen version normal on input l
ine 1086.
LaTeX Font Info:    No math alphabet change to frozen version normal on input l
ine 1089.
LaTeX Font Info:    No math alphabet change to frozen version normal on input l
ine 1091.
LaTeX Font Info:    No math alphabet change to frozen version normal on input l
ine 1091.
LaTeX Font Info:    No math alphabet change to frozen version normal on input l
ine 1091.
LaTeX Font Info:    No math alphabet change to frozen version normal on input l
ine 1091.
LaTeX Font Info:    No math alphabet change to frozen version normal on input l
ine 1091.
LaTeX Font Info:    No math alphabet change to frozen version normal on input l
ine 1091.
LaTeX Font Info:    No math alphabet change to frozen version normal on input l
ine 1091.
LaTeX Font Info:    No math alphabet change to frozen version normal on input l
ine 1091.
LaTeX Font Info:    No math alphabet change to frozen version normal on input l
ine 1091.
LaTeX Font Info:    No math alphabet change to frozen version normal on input l
ine 1091.
LaTeX Font Info:    No math alphabet change to frozen version normal on input l
ine 1092.
LaTeX Font Info:    No math alphabet change to frozen version normal on input l
ine 1096.
LaTeX Font Info:    No math alphabet change to frozen version normal on input l
ine 1101.
LaTeX Font Info:    No math alphabet change to frozen version normal on input l
ine 1103.
LaTeX Font Info:    No math alphabet change to frozen version normal on input l
ine 1106.
LaTeX Font Info:    No math alphabet change to frozen version normal on input l
ine 1108.
LaTeX Font Info:    No math alphabet change to frozen version normal on input l
ine 1110.
LaTeX Font Info:    No math alphabet change to frozen version normal on input l
ine 1112.
LaTeX Font Info:    No math alphabet change to frozen version normal on input l
ine 1113.
LaTeX Font Info:    No math alphabet change to frozen version normal on input l
ine 1119.


[18]
LaTeX Font Info:    No math alphabet change to frozen version normal on input l
ine 1124.
LaTeX Font Info:    No math alphabet change to frozen version normal on input l
ine 1125.
LaTeX Font Info:    No math alphabet change to frozen version normal on input l
ine 1127.
LaTeX Font Info:    No math alphabet change to frozen version normal on input l
ine 1135.
LaTeX Font Info:    No math alphabet change to frozen version normal on input l
ine 1136.
LaTeX Font Info:    No math alphabet change to frozen version normal on input l
ine 1145.
LaTeX Font Info:    No math alphabet change to frozen version normal on input l
ine 1152.
LaTeX Font Info:    No math alphabet change to frozen version normal on input l
ine 1156.
LaTeX Font Info:    No math alphabet change to frozen version normal on input l
ine 1158.
LaTeX Font Info:    No math alphabet change to frozen version normal on input l
ine 1163.
LaTeX Font Info:    No math alphabet change to frozen version normal on input l
ine 1171.
LaTeX Font Info:    No math alphabet change to frozen version normal on input l
ine 1172.
LaTeX Font Info:    No math alphabet change to frozen version normal on input l
ine 1173.
LaTeX Font Info:    No math alphabet change to frozen version normal on input l
ine 1173.
LaTeX Font Info:    No math alphabet change to frozen version normal on input l
ine 1174.
LaTeX Font Info:    No math alphabet change to frozen version normal on input l
ine 1174.
LaTeX Font Info:    No math alphabet change to frozen version normal on input l
ine 1174.
LaTeX Font Info:    No math alphabet change to frozen version normal on input l
ine 1174.
LaTeX Font Info:    No math alphabet change to frozen version normal on input l
ine 1175.
LaTeX Font Info:    No math alphabet change to frozen version normal on input l
ine 1175.
LaTeX Font Info:    No math alphabet change to frozen version normal on input l
ine 1176.
LaTeX Font Info:    No math alphabet change to frozen version normal on input l
ine 1176.
LaTeX Font Info:    No math alphabet change to frozen version normal on input l
ine 1180.
LaTeX Font Info:    No math alphabet change to frozen version normal on input l
ine 1181.
LaTeX Font Info:    No math alphabet change to frozen version normal on input l
ine 1181.


[19]
LaTeX Font Info:    No math alphabet change to frozen version normal on input l
ine 1185.
LaTeX Font Info:    No math alphabet change to frozen version normal on input l
ine 1186.
LaTeX Font Info:    No math alphabet change to frozen version normal on input l
ine 1186.
LaTeX Font Info:    No math alphabet change to frozen version normal on input l
ine 1187.
LaTeX Font Info:    No math alphabet change to frozen version normal on input l
ine 1190.
LaTeX Font Info:    No math alphabet change to frozen version normal on input l
ine 1191.
LaTeX Font Info:    No math alphabet change to frozen version normal on input l
ine 1191.
LaTeX Font Info:    No math alphabet change to frozen version normal on input l
ine 1194.
LaTeX Font Info:    No math alphabet change to frozen version normal on input l
ine 1194.
LaTeX Font Info:    No math alphabet change to frozen version normal on input l
ine 1195.
LaTeX Font Info:    No math alphabet change to frozen version normal on input l
ine 1196.
LaTeX Font Info:    No math alphabet change to frozen version normal on input l
ine 1199.
LaTeX Font Info:    No math alphabet change to frozen version normal on input l
ine 1200.
LaTeX Font Info:    No math alphabet change to frozen version normal on input l
ine 1202.
LaTeX Font Info:    No math alphabet change to frozen version normal on input l
ine 1204.
LaTeX Font Info:    No math alphabet change to frozen version normal on input l
ine 1205.
LaTeX Font Info:    No math alphabet change to frozen version normal on input l
ine 1207.
LaTeX Font Info:    No math alphabet change to frozen version normal on input l
ine 1208.
LaTeX Font Info:    No math alphabet change to frozen version normal on input l
ine 1208.
LaTeX Font Info:    No math alphabet change to frozen version normal on input l
ine 1209.
LaTeX Font Info:    No math alphabet change to frozen version normal on input l
ine 1209.
LaTeX Font Info:    No math alphabet change to frozen version normal on input l
ine 1210.
LaTeX Font Info:    No math alphabet change to frozen version normal on input l
ine 1211.
LaTeX Font Info:    No math alphabet change to frozen version normal on input l
ine 1213.
LaTeX Font Info:    No math alphabet change to frozen version normal on input l
ine 1215.
LaTeX Font Info:    No math alphabet change to frozen version normal on input l
ine 1216.
LaTeX Font Info:    No math alphabet change to frozen version normal on input l
ine 1217.
LaTeX Font Info:    No math alphabet change to frozen version normal on input l
ine 1218.
LaTeX Font Info:    No math alphabet change to frozen version normal on input l
ine 1219.
LaTeX Font Info:    No math alphabet change to frozen version normal on input l
ine 1221.
LaTeX Font Info:    No math alphabet change to frozen version normal on input l
ine 1223.
LaTeX Font Info:    No math alphabet change to frozen version normal on input l
ine 1224.
LaTeX Font Info:    No math alphabet change to frozen version normal on input l
ine 1225.
LaTeX Font Info:    No math alphabet change to frozen version normal on input l
ine 1227.
LaTeX Font Info:    No math alphabet change to frozen version normal on input l
ine 1232.


[20]
LaTeX Font Info:    No math alphabet change to frozen version normal on input l
ine 1234.
LaTeX Font Info:    No math alphabet change to frozen version normal on input l
ine 1238.
LaTeX Font Info:    No math alphabet change to frozen version normal on input l
ine 1238.
LaTeX Font Info:    No math alphabet change to frozen version normal on input l
ine 1239.
LaTeX Font Info:    No math alphabet change to frozen version normal on input l
ine 1240.
LaTeX Font Info:    No math alphabet change to frozen version normal on input l
ine 1244.
LaTeX Font Info:    No math alphabet change to frozen version normal on input l
ine 1246.
LaTeX Font Info:    No math alphabet change to frozen version normal on input l
ine 1247.
LaTeX Font Info:    No math alphabet change to frozen version normal on input l
ine 1248.
LaTeX Font Info:    No math alphabet change to frozen version normal on input l
ine 1252.
LaTeX Font Info:    No math alphabet change to frozen version normal on input l
ine 1253.
LaTeX Font Info:    No math alphabet change to frozen version normal on input l
ine 1254.
LaTeX Font Info:    No math alphabet change to frozen version normal on input l
ine 1255.
LaTeX Font Info:    No math alphabet change to frozen version normal on input l
ine 1258.
LaTeX Font Info:    No math alphabet change to frozen version normal on input l
ine 1263.
LaTeX Font Info:    No math alphabet change to frozen version normal on input l
ine 1265.
LaTeX Font Info:    No math alphabet change to frozen version normal on input l
ine 1266.
LaTeX Font Info:    No math alphabet change to frozen version normal on input l
ine 1269.
LaTeX Font Info:    No math alphabet change to frozen version normal on input l
ine 1270.
LaTeX Font Info:    No math alphabet change to frozen version normal on input l
ine 1272.
LaTeX Font Info:    No math alphabet change to frozen version normal on input l
ine 1276.
LaTeX Font Info:    No math alphabet change to frozen version normal on input l
ine 1279.
LaTeX Font Info:    No math alphabet change to frozen version normal on input l
ine 1279.
LaTeX Font Info:    No math alphabet change to frozen version normal on input l
ine 1279.
LaTeX Font Info:    No math alphabet change to frozen version normal on input l
ine 1279.
LaTeX Font Info:    No math alphabet change to frozen version normal on input l
ine 1279.
LaTeX Font Info:    No math alphabet change to frozen version normal on input l
ine 1279.
LaTeX Font Info:    No math alphabet change to frozen version normal on input l
ine 1279.
LaTeX Font Info:    No math alphabet change to frozen version normal on input l
ine 1279.
LaTeX Font Info:    No math alphabet change to frozen version normal on input l
ine 1279.
LaTeX Font Info:    No math alphabet change to frozen version normal on input l
ine 1279.
LaTeX Font Info:    No math alphabet change to frozen version normal on input l
ine 1284.
LaTeX Font Info:    No math alphabet change to frozen version normal on input l
ine 1290.
LaTeX Font Info:    No math alphabet change to frozen version normal on input l
ine 1290.
LaTeX Font Info:    No math alphabet change to frozen version normal on input l
ine 1290.
LaTeX Font Info:    No math alphabet change to frozen version normal on input l
ine 1290.
LaTeX Font Info:    No math alphabet change to frozen version normal on input l
ine 1290.
LaTeX Font Info:    No math alphabet change to frozen version normal on input l
ine 1290.
LaTeX Font Info:    No math alphabet change to frozen version normal on input l
ine 1290.
LaTeX Font Info:    No math alphabet change to frozen version normal on input l
ine 1290.
LaTeX Font Info:    No math alphabet change to frozen version normal on input l
ine 1290.


[21]
LaTeX Font Info:    No math alphabet change to frozen version normal on input l
ine 1290.
LaTeX Font Info:    No math alphabet change to frozen version normal on input l
ine 1292.
LaTeX Font Info:    No math alphabet change to frozen version normal on input l
ine 1293.
LaTeX Font Info:    No math alphabet change to frozen version normal on input l
ine 1295.
LaTeX Font Info:    No math alphabet change to frozen version normal on input l
ine 1298.
LaTeX Font Info:    No math alphabet change to frozen version normal on input l
ine 1298.
LaTeX Font Info:    No math alphabet change to frozen version normal on input l
ine 1298.
LaTeX Font Info:    No math alphabet change to frozen version normal on input l
ine 1298.
LaTeX Font Info:    No math alphabet change to frozen version normal on input l
ine 1300.
LaTeX Font Info:    No math alphabet change to frozen version normal on input l
ine 1304.
LaTeX Font Info:    No math alphabet change to frozen version normal on input l
ine 1305.
LaTeX Font Info:    No math alphabet change to frozen version normal on input l
ine 1310.
LaTeX Font Info:    No math alphabet change to frozen version normal on input l
ine 1313.
LaTeX Font Info:    No math alphabet change to frozen version normal on input l
ine 1318.
LaTeX Font Info:    No math alphabet change to frozen version normal on input l
ine 1318.
LaTeX Font Info:    No math alphabet change to frozen version normal on input l
ine 1318.
LaTeX Font Info:    No math alphabet change to frozen version normal on input l
ine 1318.
LaTeX Font Info:    No math alphabet change to frozen version normal on input l
ine 1318.
LaTeX Font Info:    No math alphabet change to frozen version normal on input l
ine 1319.
LaTeX Font Info:    No math alphabet change to frozen version normal on input l
ine 1319.
LaTeX Font Info:    No math alphabet change to frozen version normal on input l
ine 1319.
LaTeX Font Info:    No math alphabet change to frozen version normal on input l
ine 1319.
LaTeX Font Info:    No math alphabet change to frozen version normal on input l
ine 1319.
LaTeX Font Info:    No math alphabet change to frozen version normal on input l
ine 1320.
LaTeX Font Info:    No math alphabet change to frozen version normal on input l
ine 1320.
LaTeX Font Info:    No math alphabet change to frozen version normal on input l
ine 1320.
LaTeX Font Info:    No math alphabet change to frozen version normal on input l
ine 1321.
LaTeX Font Info:    No math alphabet change to frozen version normal on input l
ine 1321.
LaTeX Font Info:    No math alphabet change to frozen version normal on input l
ine 1322.
LaTeX Font Info:    No math alphabet change to frozen version normal on input l
ine 1324.
LaTeX Font Info:    No math alphabet change to frozen version normal on input l
ine 1325.
LaTeX Font Info:    No math alphabet change to frozen version normal on input l
ine 1331.
LaTeX Font Info:    No math alphabet change to frozen version normal on input l
ine 1331.
LaTeX Font Info:    No math alphabet change to frozen version normal on input l
ine 1331.
LaTeX Font Info:    No math alphabet change to frozen version normal on input l
ine 1331.
LaTeX Font Info:    No math alphabet change to frozen version normal on input l
ine 1333.
LaTeX Font Info:    No math alphabet change to frozen version normal on input l
ine 1343.
LaTeX Font Info:    No math alphabet change to frozen version normal on input l
ine 1343.
LaTeX Font Info:    No math alphabet change to frozen version normal on input l
ine 1348.
LaTeX Font Info:    No math alphabet change to frozen version normal on input l
ine 1354.
LaTeX Font Info:    No math alphabet change to frozen version normal on input l
ine 1359.
LaTeX Font Info:    No math alphabet change to frozen version normal on input l
ine 1366.
LaTeX Font Info:    No math alphabet change to frozen version normal on input l
ine 1368.
LaTeX Font Info:    No math alphabet change to frozen version normal on input l
ine 1374.
LaTeX Font Info:    No math alphabet change to frozen version normal on input l
ine 1375.


[22]
LaTeX Font Info:    No math alphabet change to frozen version normal on input l
ine 1382.
LaTeX Font Info:    No math alphabet change to frozen version normal on input l
ine 1387.
LaTeX Font Info:    No math alphabet change to frozen version normal on input l
ine 1391.
LaTeX Font Info:    No math alphabet change to frozen version normal on input l
ine 1391.
LaTeX Font Info:    No math alphabet change to frozen version normal on input l
ine 1395.
LaTeX Font Info:    No math alphabet change to frozen version normal on input l
ine 1399.
LaTeX Font Info:    Undo math alphabet allocation in version normal on input li
ne 1406.
LaTeX Font Info:    Undo math alphabet allocation in version normal on input li
ne 1411.
LaTeX Font Info:    No math alphabet change to frozen version normal on input l
ine 1412.
LaTeX Font Info:    No math alphabet change to frozen version normal on input l
ine 1414.
LaTeX Font Info:    No math alphabet change to frozen version normal on input l
ine 1418.
LaTeX Font Info:    No math alphabet change to frozen version normal on input l
ine 1429.
LaTeX Font Info:    No math alphabet change to frozen version normal on input l
ine 1435.
LaTeX Font Info:    No math alphabet change to frozen version normal on input l
ine 1436.
LaTeX Font Info:    No math alphabet change to frozen version normal on input l
ine 1437.
LaTeX Font Info:    No math alphabet change to frozen version normal on input l
ine 1437.
LaTeX Font Info:    No math alphabet change to frozen version normal on input l
ine 1438.
LaTeX Font Info:    No math alphabet change to frozen version normal on input l
ine 1441.
LaTeX Font Info:    No math alphabet change to frozen version normal on input l
ine 1442.
LaTeX Font Info:    No math alphabet change to frozen version normal on input l
ine 1443.
LaTeX Font Info:    No math alphabet change to frozen version normal on input l
ine 1448.
LaTeX Font Info:    No math alphabet change to frozen version normal on input l
ine 1455.
LaTeX Font Info:    No math alphabet change to frozen version normal on input l
ine 1457.


[23]
LaTeX Font Info:    Undo math alphabet allocation in version normal on input li
ne 1464.
LaTeX Font Info:    No math alphabet change to frozen version normal on input l
ine 1470.
LaTeX Font Info:    No math alphabet change to frozen version normal on input l
ine 1471.
LaTeX Font Info:    No math alphabet change to frozen version normal on input l
ine 1475.
LaTeX Font Info:    No math alphabet change to frozen version normal on input l
ine 1476.
LaTeX Font Info:    No math alphabet change to frozen version normal on input l
ine 1477.
LaTeX Font Info:    No math alphabet change to frozen version normal on input l
ine 1478.
LaTeX Font Info:    Undo math alphabet allocation in version normal on input li
ne 1479.
LaTeX Font Info:    No math alphabet change to frozen version normal on input l
ine 1482.
LaTeX Font Info:    No math alphabet change to frozen version normal on input l
ine 1483.
LaTeX Font Info:    No math alphabet change to frozen version normal on input l
ine 1483.
LaTeX Font Info:    No math alphabet change to frozen version normal on input l
ine 1483.
LaTeX Font Info:    No math alphabet change to frozen version normal on input l
ine 1483.
LaTeX Font Info:    No math alphabet change to frozen version normal on input l
ine 1483.
LaTeX Font Info:    No math alphabet change to frozen version normal on input l
ine 1483.
LaTeX Font Info:    No math alphabet change to frozen version normal on input l
ine 1483.
LaTeX Font Info:    No math alphabet change to frozen version normal on input l
ine 1483.
LaTeX Font Info:    No math alphabet change to frozen version normal on input l
ine 1483.
LaTeX Font Info:    No math alphabet change to frozen version normal on input l
ine 1483.
LaTeX Font Info:    No math alphabet change to frozen version normal on input l
ine 1483.
LaTeX Font Info:    No math alphabet change to frozen version normal on input l
ine 1483.
LaTeX Font Info:    No math alphabet change to frozen version normal on input l
ine 1483.
LaTeX Font Info:    No math alphabet change to frozen version normal on input l
ine 1483.
LaTeX Font Info:    No math alphabet change to frozen version normal on input l
ine 1483.
LaTeX Font Info:    No math alphabet change to frozen version normal on input l
ine 1483.
LaTeX Font Info:    No math alphabet change to frozen version normal on input l
ine 1483.
LaTeX Font Info:    No math alphabet change to frozen version normal on input l
ine 1483.
LaTeX Font Info:    No math alphabet change to frozen version normal on input l
ine 1483.
LaTeX Font Info:    No math alphabet change to frozen version normal on input l
ine 1483.
LaTeX Font Info:    No math alphabet change to frozen version normal on input l
ine 1483.
LaTeX Font Info:    No math alphabet change to frozen version normal on input l
ine 1483.
LaTeX Font Info:    No math alphabet change to frozen version normal on input l
ine 1483.
LaTeX Font Info:    No math alphabet change to frozen version normal on input l
ine 1483.
LaTeX Font Info:    No math alphabet change to frozen version normal on input l
ine 1483.
LaTeX Font Info:    No math alphabet change to frozen version normal on input l
ine 1483.
LaTeX Font Info:    No math alphabet change to frozen version normal on input l
ine 1483.
LaTeX Font Info:    No math alphabet change to frozen version normal on input l
ine 1483.
LaTeX Font Info:    No math alphabet change to frozen version normal on input l
ine 1483.
LaTeX Font Info:    No math alphabet change to frozen version normal on input l
ine 1483.
LaTeX Font Info:    No math alphabet change to frozen version normal on input l
ine 1483.
LaTeX Font Info:    No math alphabet change to frozen version normal on input l
ine 1483.
LaTeX Font Info:    No math alphabet change to frozen version normal on input l
ine 1483.
LaTeX Font Info:    No math alphabet change to frozen version normal on input l
ine 1483.
LaTeX Font Info:    No math alphabet change to frozen version normal on input l
ine 1483.
LaTeX Font Info:    No math alphabet change to frozen version normal on input l
ine 1483.
LaTeX Font Info:    No math alphabet change to frozen version normal on input l
ine 1483.
LaTeX Font Info:    No math alphabet change to frozen version normal on input l
ine 1483.
LaTeX Font Info:    No math alphabet change to frozen version normal on input l
ine 1483.
LaTeX Font Info:    No math alphabet change to frozen version normal on input l
ine 1483.
LaTeX Font Info:    No math alphabet change to frozen version normal on input l
ine 1483.
LaTeX Font Info:    No math alphabet change to frozen version normal on input l
ine 1483.
LaTeX Font Info:    No math alphabet change to frozen version normal on input l
ine 1483.
LaTeX Font Info:    No math alphabet change to frozen version normal on input l
ine 1483.
LaTeX Font Info:    Undo math alphabet allocation in version normal on input li
ne 1484.
LaTeX Font Info:    No math alphabet change to frozen version normal on input l
ine 1488.
LaTeX Font Info:    No math alphabet change to frozen version normal on input l
ine 1489.
LaTeX Font Info:    No math alphabet change to frozen version normal on input l
ine 1490.
LaTeX Font Info:    No math alphabet change to frozen version normal on input l
ine 1491.
LaTeX Font Info:    No math alphabet change to frozen version normal on input l
ine 1492.
LaTeX Font Info:    No math alphabet change to frozen version normal on input l
ine 1495.
LaTeX Font Info:    No math alphabet change to frozen version normal on input l
ine 1496.
LaTeX Font Info:    No math alphabet change to frozen version normal on input l
ine 1496.
LaTeX Font Info:    No math alphabet change to frozen version normal on input l
ine 1498.
LaTeX Font Info:    No math alphabet change to frozen version normal on input l
ine 1498.
LaTeX Font Info:    No math alphabet change to frozen version normal on input l
ine 1500.
LaTeX Font Info:    No math alphabet change to frozen version normal on input l
ine 1500.
LaTeX Font Info:    No math alphabet change to frozen version normal on input l
ine 1501.
LaTeX Font Info:    No math alphabet change to frozen version normal on input l
ine 1512.
LaTeX Font Info:    No math alphabet change to frozen version normal on input l
ine 1516.
LaTeX Font Info:    No math alphabet change to frozen version normal on input l
ine 1516.
LaTeX Font Info:    No math alphabet change to frozen version normal on input l
ine 1518.
LaTeX Font Info:    No math alphabet change to frozen version normal on input l
ine 1522.
LaTeX Font Info:    No math alphabet change to frozen version normal on input l
ine 1522.
LaTeX Font Info:    No math alphabet change to frozen version normal on input l
ine 1522.
LaTeX Font Info:    No math alphabet change to frozen version normal on input l
ine 1522.
LaTeX Font Info:    No math alphabet change to frozen version normal on input l
ine 1522.
LaTeX Font Info:    No math alphabet change to frozen version normal on input l
ine 1522.
LaTeX Font Info:    No math alphabet change to frozen version normal on input l
ine 1522.
LaTeX Font Info:    No math alphabet change to frozen version normal on input l
ine 1522.
LaTeX Font Info:    No math alphabet change to frozen version normal on input l
ine 1522.
LaTeX Font Info:    No math alphabet change to frozen version normal on input l
ine 1522.
LaTeX Font Info:    No math alphabet change to frozen version normal on input l
ine 1522.
LaTeX Font Info:    No math alphabet change to frozen version normal on input l
ine 1522.
LaTeX Font Info:    No math alphabet change to frozen version normal on input l
ine 1524.
LaTeX Font Info:    No math alphabet change to frozen version normal on input l
ine 1524.
LaTeX Font Info:    No math alphabet change to frozen version normal on input l
ine 1524.
LaTeX Font Info:    No math alphabet change to frozen version normal on input l
ine 1524.
LaTeX Font Info:    No math alphabet change to frozen version normal on input l
ine 1524.
LaTeX Font Info:    No math alphabet change to frozen version normal on input l
ine 1524.
LaTeX Font Info:    No math alphabet change to frozen version normal on input l
ine 1524.
LaTeX Font Info:    No math alphabet change to frozen version normal on input l
ine 1524.
LaTeX Font Info:    No math alphabet change to frozen version normal on input l
ine 1524.
LaTeX Font Info:    No math alphabet change to frozen version normal on input l
ine 1524.
LaTeX Font Info:    No math alphabet change to frozen version normal on input l
ine 1524.
LaTeX Font Info:    No math alphabet change to frozen version normal on input l
ine 1524.
LaTeX Font Info:    No math alphabet change to frozen version normal on input l
ine 1526.
LaTeX Font Info:    No math alphabet change to frozen version normal on input l
ine 1528.
LaTeX Font Info:    No math alphabet change to frozen version normal on input l
ine 1529.
LaTeX Font Info:    No math alphabet change to frozen version normal on input l
ine 1533.
LaTeX Font Info:    No math alphabet change to frozen version normal on input l
ine 1539.
LaTeX Font Info:    No math alphabet change to frozen version normal on input l
ine 1539.
LaTeX Font Info:    No math alphabet change to frozen version normal on input l
ine 1539.
LaTeX Font Info:    No math alphabet change to frozen version normal on input l
ine 1539.
LaTeX Font Info:    No math alphabet change to frozen version normal on input l
ine 1539.
LaTeX Font Info:    No math alphabet change to frozen version normal on input l
ine 1539.
LaTeX Font Info:    No math alphabet change to frozen version normal on input l
ine 1539.
LaTeX Font Info:    No math alphabet change to frozen version normal on input l
ine 1539.
LaTeX Font Info:    No math alphabet change to frozen version normal on input l
ine 1539.
LaTeX Font Info:    No math alphabet change to frozen version normal on input l
ine 1539.
LaTeX Font Info:    No math alphabet change to frozen version normal on input l
ine 1539.
LaTeX Font Info:    No math alphabet change to frozen version normal on input l
ine 1539.
LaTeX Font Info:    Undo math alphabet allocation in version normal on input li
ne 1541.
LaTeX Font Info:    No math alphabet change to frozen version normal on input l
ine 1546.
LaTeX Font Info:    No math alphabet change to frozen version normal on input l
ine 1546.
LaTeX Font Info:    No math alphabet change to frozen version normal on input l
ine 1546.
LaTeX Font Info:    No math alphabet change to frozen version normal on input l
ine 1546.
LaTeX Font Info:    No math alphabet change to frozen version normal on input l
ine 1546.
LaTeX Font Info:    No math alphabet change to frozen version normal on input l
ine 1546.
LaTeX Font Info:    No math alphabet change to frozen version normal on input l
ine 1546.
LaTeX Font Info:    No math alphabet change to frozen version normal on input l
ine 1546.
LaTeX Font Info:    No math alphabet change to frozen version normal on input l
ine 1546.
LaTeX Font Info:    No math alphabet change to frozen version normal on input l
ine 1546.
LaTeX Font Info:    No math alphabet change to frozen version normal on input l
ine 1546.
LaTeX Font Info:    No math alphabet change to frozen version normal on input l
ine 1546.
LaTeX Font Info:    No math alphabet change to frozen version normal on input l
ine 1548.
LaTeX Font Info:    No math alphabet change to frozen version normal on input l
ine 1549.


[24]
LaTeX Font Info:    No math alphabet change to frozen version normal on input l
ine 1563.
LaTeX Font Info:    Undo math alphabet allocation in version normal on input li
ne 1567.
LaTeX Font Info:    No math alphabet change to frozen version normal on input l
ine 1572.
LaTeX Font Info:    No math alphabet change to frozen version normal on input l
ine 1573.
LaTeX Font Info:    No math alphabet change to frozen version normal on input l
ine 1574.
LaTeX Font Info:    No math alphabet change to frozen version normal on input l
ine 1576.
LaTeX Font Info:    No math alphabet change to frozen version normal on input l
ine 1577.
LaTeX Font Info:    Undo math alphabet allocation in version normal on input li
ne 1578.
LaTeX Font Info:    No math alphabet change to frozen version normal on input l
ine 1586.
LaTeX Font Info:    No math alphabet change to frozen version normal on input l
ine 1588.
LaTeX Font Info:    No math alphabet change to frozen version normal on input l
ine 1589.
LaTeX Font Info:    No math alphabet change to frozen version normal on input l
ine 1592.
LaTeX Font Info:    No math alphabet change to frozen version normal on input l
ine 1593.
LaTeX Font Info:    No math alphabet change to frozen version normal on input l
ine 1594.
LaTeX Font Info:    No math alphabet change to frozen version normal on input l
ine 1596.
LaTeX Font Info:    No math alphabet change to frozen version normal on input l
ine 1604.
LaTeX Font Info:    No math alphabet change to frozen version normal on input l
ine 1608.
LaTeX Font Info:    No math alphabet change to frozen version normal on input l
ine 1608.
LaTeX Font Info:    No math alphabet change to frozen version normal on input l
ine 1608.
LaTeX Font Info:    No math alphabet change to frozen version normal on input l
ine 1608.
LaTeX Font Info:    No math alphabet change to frozen version normal on input l
ine 1609.
LaTeX Font Info:    No math alphabet change to frozen version normal on input l
ine 1609.
LaTeX Font Info:    No math alphabet change to frozen version normal on input l
ine 1609.
LaTeX Font Info:    No math alphabet change to frozen version normal on input l
ine 1610.
LaTeX Font Info:    No math alphabet change to frozen version normal on input l
ine 1610.
LaTeX Font Info:    No math alphabet change to frozen version normal on input l
ine 1610.
LaTeX Font Info:    No math alphabet change to frozen version normal on input l
ine 1610.
LaTeX Font Info:    No math alphabet change to frozen version normal on input l
ine 1611.
LaTeX Font Info:    No math alphabet change to frozen version normal on input l
ine 1611.
LaTeX Font Info:    No math alphabet change to frozen version normal on input l
ine 1611.
LaTeX Font Info:    No math alphabet change to frozen version normal on input l
ine 1611.
LaTeX Font Info:    No math alphabet change to frozen version normal on input l
ine 1612.
LaTeX Font Info:    No math alphabet change to frozen version normal on input l
ine 1612.
LaTeX Font Info:    No math alphabet change to frozen version normal on input l
ine 1612.
LaTeX Font Info:    No math alphabet change to frozen version normal on input l
ine 1612.
LaTeX Font Info:    No math alphabet change to frozen version normal on input l
ine 1613.
LaTeX Font Info:    No math alphabet change to frozen version normal on input l
ine 1614.
LaTeX Font Info:    No math alphabet change to frozen version normal on input l
ine 1615.
LaTeX Font Info:    No math alphabet change to frozen version normal on input l
ine 1621.
LaTeX Font Info:    No math alphabet change to frozen version normal on input l
ine 1622.
LaTeX Font Info:    No math alphabet change to frozen version normal on input l
ine 1625.
LaTeX Font Info:    No math alphabet change to frozen version normal on input l
ine 1632.
LaTeX Font Info:    No math alphabet change to frozen version normal on input l
ine 1635.
LaTeX Font Info:    No math alphabet change to frozen version normal on input l
ine 1636.
LaTeX Font Info:    No math alphabet change to frozen version normal on input l
ine 1637.
LaTeX Font Info:    No math alphabet change to frozen version normal on input l
ine 1640.


[25]
LaTeX Font Info:    No math alphabet change to frozen version normal on input l
ine 1656.
LaTeX Font Info:    No math alphabet change to frozen version normal on input l
ine 1660.
LaTeX Font Info:    No math alphabet change to frozen version normal on input l
ine 1660.
LaTeX Font Info:    No math alphabet change to frozen version normal on input l
ine 1660.
LaTeX Font Info:    No math alphabet change to frozen version normal on input l
ine 1668.
LaTeX Font Info:    Undo math alphabet allocation in version normal on input li
ne 1672.
LaTeX Font Info:    No math alphabet change to frozen version normal on input l
ine 1673.
LaTeX Font Info:    No math alphabet change to frozen version normal on input l
ine 1679.
LaTeX Font Info:    No math alphabet change to frozen version normal on input l
ine 1683.
LaTeX Font Info:    No math alphabet change to frozen version normal on input l
ine 1683.
LaTeX Font Info:    No math alphabet change to frozen version normal on input l
ine 1683.
LaTeX Font Info:    No math alphabet change to frozen version normal on input l
ine 1683.
LaTeX Font Info:    No math alphabet change to frozen version normal on input l
ine 1683.
LaTeX Font Info:    No math alphabet change to frozen version normal on input l
ine 1683.
LaTeX Font Info:    No math alphabet change to frozen version normal on input l
ine 1684.
LaTeX Font Info:    No math alphabet change to frozen version normal on input l
ine 1684.
LaTeX Font Info:    No math alphabet change to frozen version normal on input l
ine 1684.
LaTeX Font Info:    No math alphabet change to frozen version normal on input l
ine 1684.
LaTeX Font Info:    No math alphabet change to frozen version normal on input l
ine 1684.
LaTeX Font Info:    No math alphabet change to frozen version normal on input l
ine 1684.
LaTeX Font Info:    No math alphabet change to frozen version normal on input l
ine 1685.
LaTeX Font Info:    No math alphabet change to frozen version normal on input l
ine 1685.
LaTeX Font Info:    No math alphabet change to frozen version normal on input l
ine 1685.
LaTeX Font Info:    No math alphabet change to frozen version normal on input l
ine 1685.
LaTeX Font Info:    No math alphabet change to frozen version normal on input l
ine 1686.
LaTeX Font Info:    No math alphabet change to frozen version normal on input l
ine 1686.
LaTeX Font Info:    No math alphabet change to frozen version normal on input l
ine 1687.
LaTeX Font Info:    No math alphabet change to frozen version normal on input l
ine 1692.
LaTeX Font Info:    No math alphabet change to frozen version normal on input l
ine 1692.
LaTeX Font Info:    No math alphabet change to frozen version normal on input l
ine 1692.
LaTeX Font Info:    No math alphabet change to frozen version normal on input l
ine 1692.
LaTeX Font Info:    No math alphabet change to frozen version normal on input l
ine 1692.
LaTeX Font Info:    No math alphabet change to frozen version normal on input l
ine 1692.
LaTeX Font Info:    No math alphabet change to frozen version normal on input l
ine 1693.
LaTeX Font Info:    No math alphabet change to frozen version normal on input l
ine 1693.
LaTeX Font Info:    No math alphabet change to frozen version normal on input l
ine 1693.
LaTeX Font Info:    No math alphabet change to frozen version normal on input l
ine 1693.
LaTeX Font Info:    No math alphabet change to frozen version normal on input l
ine 1693.
LaTeX Font Info:    No math alphabet change to frozen version normal on input l
ine 1693.
LaTeX Font Info:    No math alphabet change to frozen version normal on input l
ine 1694.
LaTeX Font Info:    No math alphabet change to frozen version normal on input l
ine 1694.
LaTeX Font Info:    No math alphabet change to frozen version normal on input l
ine 1694.
LaTeX Font Info:    No math alphabet change to frozen version normal on input l
ine 1694.
LaTeX Font Info:    No math alphabet change to frozen version normal on input l
ine 1695.
LaTeX Font Info:    No math alphabet change to frozen version normal on input l
ine 1695.
LaTeX Font Info:    No math alphabet change to frozen version normal on input l
ine 1696.
LaTeX Font Info:    No math alphabet change to frozen version normal on input l
ine 1702.
LaTeX Font Info:    No math alphabet change to frozen version normal on input l
ine 1704.
LaTeX Font Info:    No math alphabet change to frozen version normal on input l
ine 1706.
LaTeX Font Info:    No math alphabet change to frozen version normal on input l
ine 1709.
LaTeX Font Info:    No math alphabet change to frozen version normal on input l
ine 1714.


[26]
LaTeX Font Info:    No math alphabet change to frozen version normal on input l
ine 1718.
LaTeX Font Info:    No math alphabet change to frozen version normal on input l
ine 1719.
LaTeX Font Info:    No math alphabet change to frozen version normal on input l
ine 1720.
LaTeX Font Info:    No math alphabet change to frozen version normal on input l
ine 1720.
LaTeX Font Info:    No math alphabet change to frozen version normal on input l
ine 1721.
LaTeX Font Info:    No math alphabet change to frozen version normal on input l
ine 1722.
LaTeX Font Info:    No math alphabet change to frozen version normal on input l
ine 1722.
LaTeX Font Info:    No math alphabet change to frozen version normal on input l
ine 1723.
LaTeX Font Info:    No math alphabet change to frozen version normal on input l
ine 1724.
LaTeX Font Info:    No math alphabet change to frozen version normal on input l
ine 1725.
LaTeX Font Info:    No math alphabet change to frozen version normal on input l
ine 1726.
LaTeX Font Info:    No math alphabet change to frozen version normal on input l
ine 1728.
LaTeX Font Info:    No math alphabet change to frozen version normal on input l
ine 1728.
LaTeX Font Info:    No math alphabet change to frozen version normal on input l
ine 1729.
LaTeX Font Info:    No math alphabet change to frozen version normal on input l
ine 1730.
LaTeX Font Info:    No math alphabet change to frozen version normal on input l
ine 1730.
LaTeX Font Info:    No math alphabet change to frozen version normal on input l
ine 1731.
LaTeX Font Info:    No math alphabet change to frozen version normal on input l
ine 1731.
LaTeX Font Info:    No math alphabet change to frozen version normal on input l
ine 1734.
LaTeX Font Info:    No math alphabet change to frozen version normal on input l
ine 1735.
LaTeX Font Info:    No math alphabet change to frozen version normal on input l
ine 1736.
LaTeX Font Info:    No math alphabet change to frozen version normal on input l
ine 1737.
LaTeX Font Info:    No math alphabet change to frozen version normal on input l
ine 1738.
LaTeX Font Info:    No math alphabet change to frozen version normal on input l
ine 1741.
LaTeX Font Info:    No math alphabet change to frozen version normal on input l
ine 1742.
LaTeX Font Info:    No math alphabet change to frozen version normal on input l
ine 1743.
LaTeX Font Info:    No math alphabet change to frozen version normal on input l
ine 1744.
LaTeX Font Info:    No math alphabet change to frozen version normal on input l
ine 1744.
LaTeX Font Info:    No math alphabet change to frozen version normal on input l
ine 1750.
LaTeX Font Info:    No math alphabet change to frozen version normal on input l
ine 1751.
LaTeX Font Info:    No math alphabet change to frozen version normal on input l
ine 1751.
LaTeX Font Info:    No math alphabet change to frozen version normal on input l
ine 1755.
LaTeX Font Info:    No math alphabet change to frozen version normal on input l
ine 1757.
LaTeX Font Info:    No math alphabet change to frozen version normal on input l
ine 1765.
LaTeX Font Info:    No math alphabet change to frozen version normal on input l
ine 1766.
LaTeX Font Info:    No math alphabet change to frozen version normal on input l
ine 1767.
LaTeX Font Info:    No math alphabet change to frozen version normal on input l
ine 1769.
LaTeX Font Info:    No math alphabet change to frozen version normal on input l
ine 1770.
LaTeX Font Info:    No math alphabet change to frozen version normal on input l
ine 1774.
LaTeX Font Info:    No math alphabet change to frozen version normal on input l
ine 1775.
LaTeX Font Info:    No math alphabet change to frozen version normal on input l
ine 1779.
LaTeX Font Info:    No math alphabet change to frozen version normal on input l
ine 1782.
LaTeX Font Info:    No math alphabet change to frozen version normal on input l
ine 1787.
LaTeX Font Info:    No math alphabet change to frozen version normal on input l
ine 1792.
LaTeX Font Info:    No math alphabet change to frozen version normal on input l
ine 1792.
LaTeX Font Info:    No math alphabet change to frozen version normal on input l
ine 1793.
LaTeX Font Info:    No math alphabet change to frozen version normal on input l
ine 1796.


[27]
LaTeX Font Info:    No math alphabet change to frozen version normal on input l
ine 1797.
LaTeX Font Info:    No math alphabet change to frozen version normal on input l
ine 1799.
LaTeX Font Info:    No math alphabet change to frozen version normal on input l
ine 1802.
LaTeX Font Info:    No math alphabet change to frozen version normal on input l
ine 1803.
LaTeX Font Info:    No math alphabet change to frozen version normal on input l
ine 1813.
LaTeX Font Info:    No math alphabet change to frozen version normal on input l
ine 1816.
LaTeX Font Info:    No math alphabet change to frozen version normal on input l
ine 1820.
LaTeX Font Info:    No math alphabet change to frozen version normal on input l
ine 1826.
LaTeX Font Info:    No math alphabet change to frozen version normal on input l
ine 1832.
LaTeX Font Info:    No math alphabet change to frozen version normal on input l
ine 1836.
LaTeX Font Info:    No math alphabet change to frozen version normal on input l
ine 1841.
LaTeX Font Info:    No math alphabet change to frozen version normal on input l
ine 1842.
LaTeX Font Info:    No math alphabet change to frozen version normal on input l
ine 1843.
LaTeX Font Info:    No math alphabet change to frozen version normal on input l
ine 1847.
LaTeX Font Info:    No math alphabet change to frozen version normal on input l
ine 1851.
LaTeX Font Info:    No math alphabet change to frozen version normal on input l
ine 1852.


[28]
LaTeX Font Info:    No math alphabet change to frozen version normal on input l
ine 1858.
LaTeX Font Info:    No math alphabet change to frozen version normal on input l
ine 1868.
LaTeX Font Info:    No math alphabet change to frozen version normal on input l
ine 1869.
LaTeX Font Info:    No math alphabet change to frozen version normal on input l
ine 1874.
LaTeX Font Info:    No math alphabet change to frozen version normal on input l
ine 1879.
LaTeX Font Info:    No math alphabet change to frozen version normal on input l
ine 1888.
LaTeX Font Info:    No math alphabet change to frozen version normal on input l
ine 1889.
LaTeX Font Info:    No math alphabet change to frozen version normal on input l
ine 1889.
LaTeX Font Info:    No math alphabet change to frozen version normal on input l
ine 1895.
LaTeX Font Info:    No math alphabet change to frozen version normal on input l
ine 1897.
LaTeX Font Info:    No math alphabet change to frozen version normal on input l
ine 1903.
LaTeX Font Info:    No math alphabet change to frozen version normal on input l
ine 1913.
LaTeX Font Info:    No math alphabet change to frozen version normal on input l
ine 1916.
LaTeX Font Info:    No math alphabet change to frozen version normal on input l
ine 1922.
LaTeX Font Info:    No math alphabet change to frozen version normal on input l
ine 1923.
LaTeX Font Info:    No math alphabet change to frozen version normal on input l
ine 1925.
LaTeX Font Info:    No math alphabet change to frozen version normal on input l
ine 1926.
LaTeX Font Info:    No math alphabet change to frozen version normal on input l
ine 1928.


[29]
LaTeX Font Info:    No math alphabet change to frozen version normal on input l
ine 1938.
LaTeX Font Info:    No math alphabet change to frozen version normal on input l
ine 1939.
LaTeX Font Info:    No math alphabet change to frozen version normal on input l
ine 1940.
LaTeX Font Info:    No math alphabet change to frozen version normal on input l
ine 1941.
LaTeX Font Info:    No math alphabet change to frozen version normal on input l
ine 1943.
LaTeX Font Info:    No math alphabet change to frozen version normal on input l
ine 1945.
LaTeX Font Info:    No math alphabet change to frozen version normal on input l
ine 1951.
LaTeX Font Info:    No math alphabet change to frozen version normal on input l
ine 1953.
LaTeX Font Info:    No math alphabet change to frozen version normal on input l
ine 1954.
LaTeX Font Info:    No math alphabet change to frozen version normal on input l
ine 1955.
LaTeX Font Info:    No math alphabet change to frozen version normal on input l
ine 1957.
LaTeX Font Info:    No math alphabet change to frozen version normal on input l
ine 1959.
LaTeX Font Info:    No math alphabet change to frozen version normal on input l
ine 1961.
LaTeX Font Info:    No math alphabet change to frozen version normal on input l
ine 1961.
LaTeX Font Info:    No math alphabet change to frozen version normal on input l
ine 1962.
LaTeX Font Info:    No math alphabet change to frozen version normal on input l
ine 1963.
LaTeX Font Info:    No math alphabet change to frozen version normal on input l
ine 1964.
LaTeX Font Info:    No math alphabet change to frozen version normal on input l
ine 1964.
LaTeX Font Info:    No math alphabet change to frozen version normal on input l
ine 1965.
LaTeX Font Info:    No math alphabet change to frozen version normal on input l
ine 1967.
LaTeX Font Info:    No math alphabet change to frozen version normal on input l
ine 1973.
LaTeX Font Info:    No math alphabet change to frozen version normal on input l
ine 1980.
LaTeX Font Info:    No math alphabet change to frozen version normal on input l
ine 1981.
LaTeX Font Info:    No math alphabet change to frozen version normal on input l
ine 1981.
LaTeX Font Info:    No math alphabet change to frozen version normal on input l
ine 1983.


[30]
LaTeX Font Info:    No math alphabet change to frozen version normal on input l
ine 1984.
LaTeX Font Info:    No math alphabet change to frozen version normal on input l
ine 1988.
LaTeX Font Info:    No math alphabet change to frozen version normal on input l
ine 1990.
LaTeX Font Info:    No math alphabet change to frozen version normal on input l
ine 1996.
LaTeX Font Info:    No math alphabet change to frozen version normal on input l
ine 1998.
LaTeX Font Info:    No math alphabet change to frozen version normal on input l
ine 1998.
LaTeX Font Info:    No math alphabet change to frozen version normal on input l
ine 1998.
LaTeX Font Info:    No math alphabet change to frozen version normal on input l
ine 1999.
LaTeX Font Info:    No math alphabet change to frozen version normal on input l
ine 2001.
LaTeX Font Info:    No math alphabet change to frozen version normal on input l
ine 2001.
LaTeX Font Info:    No math alphabet change to frozen version normal on input l
ine 2002.
LaTeX Font Info:    No math alphabet change to frozen version normal on input l
ine 2004.
LaTeX Font Info:    No math alphabet change to frozen version normal on input l
ine 2007.
LaTeX Font Info:    No math alphabet change to frozen version normal on input l
ine 2010.
LaTeX Font Info:    No math alphabet change to frozen version normal on input l
ine 2010.
LaTeX Font Info:    No math alphabet change to frozen version normal on input l
ine 2014.
LaTeX Font Info:    No math alphabet change to frozen version normal on input l
ine 2014.
LaTeX Font Info:    No math alphabet change to frozen version normal on input l
ine 2016.
LaTeX Font Info:    No math alphabet change to frozen version normal on input l
ine 2019.
LaTeX Font Info:    No math alphabet change to frozen version normal on input l
ine 2019.
LaTeX Font Info:    No math alphabet change to frozen version normal on input l
ine 2020.
LaTeX Font Info:    No math alphabet change to frozen version normal on input l
ine 2022.
LaTeX Font Info:    No math alphabet change to frozen version normal on input l
ine 2023.
LaTeX Font Info:    No math alphabet change to frozen version normal on input l
ine 2025.
LaTeX Font Info:    No math alphabet change to frozen version normal on input l
ine 2026.
LaTeX Font Info:    No math alphabet change to frozen version normal on input l
ine 2028.
LaTeX Font Info:    No math alphabet change to frozen version normal on input l
ine 2030.
LaTeX Font Info:    No math alphabet change to frozen version normal on input l
ine 2030.
LaTeX Font Info:    No math alphabet change to frozen version normal on input l
ine 2030.
LaTeX Font Info:    No math alphabet change to frozen version normal on input l
ine 2030.
LaTeX Font Info:    No math alphabet change to frozen version normal on input l
ine 2030.
LaTeX Font Info:    No math alphabet change to frozen version normal on input l
ine 2030.
LaTeX Font Info:    No math alphabet change to frozen version normal on input l
ine 2030.
LaTeX Font Info:    No math alphabet change to frozen version normal on input l
ine 2031.
LaTeX Font Info:    No math alphabet change to frozen version normal on input l
ine 2031.
LaTeX Font Info:    No math alphabet change to frozen version normal on input l
ine 2031.
LaTeX Font Info:    No math alphabet change to frozen version normal on input l
ine 2031.
LaTeX Font Info:    No math alphabet change to frozen version normal on input l
ine 2031.


[31]
LaTeX Font Info:    No math alphabet change to frozen version normal on input l
ine 2031.
LaTeX Font Info:    No math alphabet change to frozen version normal on input l
ine 2032.
LaTeX Font Info:    No math alphabet change to frozen version normal on input l
ine 2034.
LaTeX Font Info:    No math alphabet change to frozen version normal on input l
ine 2035.
LaTeX Font Info:    No math alphabet change to frozen version normal on input l
ine 2040.
LaTeX Font Info:    No math alphabet change to frozen version normal on input l
ine 2043.
LaTeX Font Info:    No math alphabet change to frozen version normal on input l
ine 2047.
LaTeX Font Info:    No math alphabet change to frozen version normal on input l
ine 2050.
LaTeX Font Info:    No math alphabet change to frozen version normal on input l
ine 2053.
LaTeX Font Info:    No math alphabet change to frozen version normal on input l
ine 2054.
LaTeX Font Info:    No math alphabet change to frozen version normal on input l
ine 2059.
LaTeX Font Info:    No math alphabet change to frozen version normal on input l
ine 2062.
LaTeX Font Info:    No math alphabet change to frozen version normal on input l
ine 2064.
LaTeX Font Info:    No math alphabet change to frozen version normal on input l
ine 2068.
LaTeX Font Info:    No math alphabet change to frozen version normal on input l
ine 2069.
LaTeX Font Info:    No math alphabet change to frozen version normal on input l
ine 2070.
LaTeX Font Info:    No math alphabet change to frozen version normal on input l
ine 2072.
LaTeX Font Info:    No math alphabet change to frozen version normal on input l
ine 2074.
LaTeX Font Info:    No math alphabet change to frozen version normal on input l
ine 2075.
LaTeX Font Info:    No math alphabet change to frozen version normal on input l
ine 2078.
LaTeX Font Info:    No math alphabet change to frozen version normal on input l
ine 2079.
LaTeX Font Info:    No math alphabet change to frozen version normal on input l
ine 2084.
LaTeX Font Info:    No math alphabet change to frozen version normal on input l
ine 2088.
LaTeX Font Info:    No math alphabet change to frozen version normal on input l
ine 2090.


[32]
LaTeX Font Info:    No math alphabet change to frozen version normal on input l
ine 2092.
LaTeX Font Info:    No math alphabet change to frozen version normal on input l
ine 2093.
LaTeX Font Info:    No math alphabet change to frozen version normal on input l
ine 2095.
LaTeX Font Info:    No math alphabet change to frozen version normal on input l
ine 2096.
LaTeX Font Info:    No math alphabet change to frozen version normal on input l
ine 2099.
LaTeX Font Info:    No math alphabet change to frozen version normal on input l
ine 2101.
LaTeX Font Info:    No math alphabet change to frozen version normal on input l
ine 2105.
LaTeX Font Info:    No math alphabet change to frozen version normal on input l
ine 2111.
LaTeX Font Info:    No math alphabet change to frozen version normal on input l
ine 2113.
LaTeX Font Info:    No math alphabet change to frozen version normal on input l
ine 2113.
LaTeX Font Info:    No math alphabet change to frozen version normal on input l
ine 2113.
LaTeX Font Info:    No math alphabet change to frozen version normal on input l
ine 2113.
LaTeX Font Info:    No math alphabet change to frozen version normal on input l
ine 2113.
LaTeX Font Info:    No math alphabet change to frozen version normal on input l
ine 2113.
LaTeX Font Info:    No math alphabet change to frozen version normal on input l
ine 2113.
LaTeX Font Info:    No math alphabet change to frozen version normal on input l
ine 2113.
LaTeX Font Info:    No math alphabet change to frozen version normal on input l
ine 2113.
LaTeX Font Info:    No math alphabet change to frozen version normal on input l
ine 2113.
LaTeX Font Info:    No math alphabet change to frozen version normal on input l
ine 2113.
LaTeX Font Info:    No math alphabet change to frozen version normal on input l
ine 2113.
LaTeX Font Info:    No math alphabet change to frozen version normal on input l
ine 2113.
LaTeX Font Info:    No math alphabet change to frozen version normal on input l
ine 2113.
LaTeX Font Info:    No math alphabet change to frozen version normal on input l
ine 2113.
LaTeX Font Info:    No math alphabet change to frozen version normal on input l
ine 2113.
LaTeX Font Info:    No math alphabet change to frozen version normal on input l
ine 2114.
LaTeX Font Info:    No math alphabet change to frozen version normal on input l
ine 2116.
LaTeX Font Info:    No math alphabet change to frozen version normal on input l
ine 2118.
LaTeX Font Info:    No math alphabet change to frozen version normal on input l
ine 2118.
LaTeX Font Info:    No math alphabet change to frozen version normal on input l
ine 2118.
LaTeX Font Info:    No math alphabet change to frozen version normal on input l
ine 2118.
LaTeX Font Info:    No math alphabet change to frozen version normal on input l
ine 2119.
LaTeX Font Info:    No math alphabet change to frozen version normal on input l
ine 2123.
LaTeX Font Info:    No math alphabet change to frozen version normal on input l
ine 2124.
LaTeX Font Info:    No math alphabet change to frozen version normal on input l
ine 2124.
LaTeX Font Info:    No math alphabet change to frozen version normal on input l
ine 2128.
LaTeX Font Info:    No math alphabet change to frozen version normal on input l
ine 2131.
LaTeX Font Info:    No math alphabet change to frozen version normal on input l
ine 2131.
LaTeX Font Info:    No math alphabet change to frozen version normal on input l
ine 2136.
LaTeX Font Info:    No math alphabet change to frozen version normal on input l
ine 2136.
LaTeX Font Info:    No math alphabet change to frozen version normal on input l
ine 2136.
LaTeX Font Info:    No math alphabet change to frozen version normal on input l
ine 2136.
LaTeX Font Info:    No math alphabet change to frozen version normal on input l
ine 2136.
LaTeX Font Info:    No math alphabet change to frozen version normal on input l
ine 2137.
LaTeX Font Info:    No math alphabet change to frozen version normal on input l
ine 2137.
LaTeX Font Info:    No math alphabet change to frozen version normal on input l
ine 2137.
LaTeX Font Info:    No math alphabet change to frozen version normal on input l
ine 2137.
LaTeX Font Info:    No math alphabet change to frozen version normal on input l
ine 2138.
LaTeX Font Info:    No math alphabet change to frozen version normal on input l
ine 2138.
LaTeX Font Info:    No math alphabet change to frozen version normal on input l
ine 2138.
LaTeX Font Info:    No math alphabet change to frozen version normal on input l
ine 2138.
LaTeX Font Info:    No math alphabet change to frozen version normal on input l
ine 2138.
LaTeX Font Info:    No math alphabet change to frozen version normal on input l
ine 2139.
LaTeX Font Info:    No math alphabet change to frozen version normal on input l
ine 2139.
LaTeX Font Info:    No math alphabet change to frozen version normal on input l
ine 2139.
LaTeX Font Info:    No math alphabet change to frozen version normal on input l
ine 2139.
LaTeX Font Info:    No math alphabet change to frozen version normal on input l
ine 2139.
LaTeX Font Info:    No math alphabet change to frozen version normal on input l
ine 2140.
LaTeX Font Info:    No math alphabet change to frozen version normal on input l
ine 2140.
LaTeX Font Info:    No math alphabet change to frozen version normal on input l
ine 2140.
LaTeX Font Info:    No math alphabet change to frozen version normal on input l
ine 2140.
LaTeX Font Info:    No math alphabet change to frozen version normal on input l
ine 2140.
LaTeX Font Info:    No math alphabet change to frozen version normal on input l
ine 2141.
LaTeX Font Info:    No math alphabet change to frozen version normal on input l
ine 2141.
LaTeX Font Info:    No math alphabet change to frozen version normal on input l
ine 2141.
LaTeX Font Info:    No math alphabet change to frozen version normal on input l
ine 2141.
LaTeX Font Info:    No math alphabet change to frozen version normal on input l
ine 2141.
LaTeX Font Info:    No math alphabet change to frozen version normal on input l
ine 2142.
LaTeX Font Info:    No math alphabet change to frozen version normal on input l
ine 2142.
LaTeX Font Info:    No math alphabet change to frozen version normal on input l
ine 2142.
LaTeX Font Info:    No math alphabet change to frozen version normal on input l
ine 2142.
LaTeX Font Info:    No math alphabet change to frozen version normal on input l
ine 2142.
LaTeX Font Info:    No math alphabet change to frozen version normal on input l
ine 2143.
LaTeX Font Info:    No math alphabet change to frozen version normal on input l
ine 2143.
LaTeX Font Info:    No math alphabet change to frozen version normal on input l
ine 2143.
LaTeX Font Info:    No math alphabet change to frozen version normal on input l
ine 2143.
LaTeX Font Info:    No math alphabet change to frozen version normal on input l
ine 2143.
LaTeX Font Info:    No math alphabet change to frozen version normal on input l
ine 2144.
LaTeX Font Info:    No math alphabet change to frozen version normal on input l
ine 2144.
LaTeX Font Info:    No math alphabet change to frozen version normal on input l
ine 2144.
LaTeX Font Info:    No math alphabet change to frozen version normal on input l
ine 2144.
LaTeX Font Info:    No math alphabet change to frozen version normal on input l
ine 2144.
LaTeX Font Info:    No math alphabet change to frozen version normal on input l
ine 2145.


[33]
LaTeX Font Info:    No math alphabet change to frozen version normal on input l
ine 2146.
LaTeX Font Info:    No math alphabet change to frozen version normal on input l
ine 2150.
LaTeX Font Info:    No math alphabet change to frozen version normal on input l
ine 2153.
LaTeX Font Info:    No math alphabet change to frozen version normal on input l
ine 2156.
LaTeX Font Info:    No math alphabet change to frozen version normal on input l
ine 2157.
LaTeX Font Info:    No math alphabet change to frozen version normal on input l
ine 2160.
LaTeX Font Info:    No math alphabet change to frozen version normal on input l
ine 2161.
LaTeX Font Info:    No math alphabet change to frozen version normal on input l
ine 2162.
LaTeX Font Info:    No math alphabet change to frozen version normal on input l
ine 2167.
LaTeX Font Info:    No math alphabet change to frozen version normal on input l
ine 2168.
LaTeX Font Info:    No math alphabet change to frozen version normal on input l
ine 2183.
LaTeX Font Info:    No math alphabet change to frozen version normal on input l
ine 2185.
LaTeX Font Info:    No math alphabet change to frozen version normal on input l
ine 2186.
LaTeX Font Info:    No math alphabet change to frozen version normal on input l
ine 2186.
LaTeX Font Info:    No math alphabet change to frozen version normal on input l
ine 2187.
LaTeX Font Info:    No math alphabet change to frozen version normal on input l
ine 2189.
LaTeX Font Info:    No math alphabet change to frozen version normal on input l
ine 2191.
LaTeX Font Info:    No math alphabet change to frozen version normal on input l
ine 2193.
LaTeX Font Info:    No math alphabet change to frozen version normal on input l
ine 2195.


[34]
LaTeX Font Info:    No math alphabet change to frozen version normal on input l
ine 2203.
LaTeX Font Info:    No math alphabet change to frozen version normal on input l
ine 2205.
LaTeX Font Info:    No math alphabet change to frozen version normal on input l
ine 2206.
LaTeX Font Info:    No math alphabet change to frozen version normal on input l
ine 2212.
LaTeX Font Info:    No math alphabet change to frozen version normal on input l
ine 2217.
LaTeX Font Info:    No math alphabet change to frozen version normal on input l
ine 2217.
LaTeX Font Info:    No math alphabet change to frozen version normal on input l
ine 2218.
LaTeX Font Info:    No math alphabet change to frozen version normal on input l
ine 2219.
LaTeX Font Info:    No math alphabet change to frozen version normal on input l
ine 2222.
LaTeX Font Info:    No math alphabet change to frozen version normal on input l
ine 2230.
LaTeX Font Info:    No math alphabet change to frozen version normal on input l
ine 2235.
LaTeX Font Info:    No math alphabet change to frozen version normal on input l
ine 2237.
LaTeX Font Info:    No math alphabet change to frozen version normal on input l
ine 2239.
LaTeX Font Info:    No math alphabet change to frozen version normal on input l
ine 2240.
LaTeX Font Info:    No math alphabet change to frozen version normal on input l
ine 2240.
LaTeX Font Info:    No math alphabet change to frozen version normal on input l
ine 2249.
LaTeX Font Info:    No math alphabet change to frozen version normal on input l
ine 2249.
LaTeX Font Info:    No math alphabet change to frozen version normal on input l
ine 2253.
LaTeX Font Info:    No math alphabet change to frozen version normal on input l
ine 2256.
LaTeX Font Info:    No math alphabet change to frozen version normal on input l
ine 2257.
LaTeX Font Info:    No math alphabet change to frozen version normal on input l
ine 2258.
LaTeX Font Info:    No math alphabet change to frozen version normal on input l
ine 2262.
LaTeX Font Info:    No math alphabet change to frozen version normal on input l
ine 2263.
LaTeX Font Info:    No math alphabet change to frozen version normal on input l
ine 2268.
LaTeX Font Info:    No math alphabet change to frozen version normal on input l
ine 2270.
LaTeX Font Info:    No math alphabet change to frozen version normal on input l
ine 2271.
LaTeX Font Info:    No math alphabet change to frozen version normal on input l
ine 2272.
LaTeX Font Info:    No math alphabet change to frozen version normal on input l
ine 2272.


LaTeX Font Info:    No math alphabet change to frozen version normal on input l
ine 2277.
LaTeX Font Info:    No math alphabet change to frozen version normal on input l
ine 2277.
[35
checksum mismatch in font ntxebgmia.vf ignored
character width mismatch in font ntxebgmia.vf ignored
character width mismatch in font ntxebgmia.vf ignored
character width mismatch in font ntxebgmia.vf ignored
character width mismatch in font ntxebgmia.vf ignored
character width mismatch in font ntxebgmia.vf ignored
character width mismatch in font ntxebgmia.vf ignored
character width mismatch in font ntxebgmia.vf ignored
character width mismatch in font ntxebgmia.vf ignored
character width mismatch in font ntxebgmia.vf ignored]
LaTeX Font Info:    No math alphabet change to frozen version normal on input l
ine 2277.
LaTeX Font Info:    No math alphabet change to frozen version normal on input l
ine 2281.
LaTeX Font Info:    No math alphabet change to frozen version normal on input l
ine 2281.
LaTeX Font Info:    No math alphabet change to frozen version normal on input l
ine 2283.
LaTeX Font Info:    No math alphabet change to frozen version normal on input l
ine 2285.
LaTeX Font Info:    No math alphabet change to frozen version normal on input l
ine 2285.
LaTeX Font Info:    No math alphabet change to frozen version normal on input l
ine 2286.
LaTeX Font Info:    No math alphabet change to frozen version normal on input l
ine 2287.
LaTeX Font Info:    No math alphabet change to frozen version normal on input l
ine 2287.
LaTeX Font Info:    No math alphabet change to frozen version normal on input l
ine 2288.
LaTeX Font Info:    No math alphabet change to frozen version normal on input l
ine 2294.
LaTeX Font Info:    No math alphabet change to frozen version normal on input l
ine 2296.
LaTeX Font Info:    No math alphabet change to frozen version normal on input l
ine 2297.
LaTeX Font Info:    No math alphabet change to frozen version normal on input l
ine 2297.
LaTeX Font Info:    No math alphabet change to frozen version normal on input l
ine 2298.
LaTeX Font Info:    No math alphabet change to frozen version normal on input l
ine 2300.
LaTeX Font Info:    No math alphabet change to frozen version normal on input l
ine 2301.
LaTeX Font Info:    No math alphabet change to frozen version normal on input l
ine 2302.
LaTeX Font Info:    No math alphabet change to frozen version normal on input l
ine 2303.
LaTeX Font Info:    No math alphabet change to frozen version normal on input l
ine 2307.
LaTeX Font Info:    No math alphabet change to frozen version normal on input l
ine 2308.
LaTeX Font Info:    No math alphabet change to frozen version normal on input l
ine 2308.
LaTeX Font Info:    No math alphabet change to frozen version normal on input l
ine 2309.
LaTeX Font Info:    No math alphabet change to frozen version normal on input l
ine 2309.
LaTeX Font Info:    No math alphabet change to frozen version normal on input l
ine 2310.
LaTeX Font Info:    No math alphabet change to frozen version normal on input l
ine 2311.
LaTeX Font Info:    No math alphabet change to frozen version normal on input l
ine 2311.
LaTeX Font Info:    No math alphabet change to frozen version normal on input l
ine 2312.
LaTeX Font Info:    No math alphabet change to frozen version normal on input l
ine 2312.
LaTeX Font Info:    No math alphabet change to frozen version normal on input l
ine 2312.
LaTeX Font Info:    No math alphabet change to frozen version normal on input l
ine 2314.
LaTeX Font Info:    No math alphabet change to frozen version normal on input l
ine 2316.
LaTeX Font Info:    No math alphabet change to frozen version normal on input l
ine 2317.
LaTeX Font Info:    No math alphabet change to frozen version normal on input l
ine 2318.
LaTeX Font Info:    No math alphabet change to frozen version normal on input l
ine 2324.
LaTeX Font Info:    No math alphabet change to frozen version normal on input l
ine 2327.
LaTeX Font Info:    No math alphabet change to frozen version normal on input l
ine 2327.
LaTeX Font Info:    No math alphabet change to frozen version normal on input l
ine 2327.
LaTeX Font Info:    No math alphabet change to frozen version normal on input l
ine 2327.
LaTeX Font Info:    No math alphabet change to frozen version normal on input l
ine 2327.
LaTeX Font Info:    No math alphabet change to frozen version normal on input l
ine 2328.
LaTeX Font Info:    No math alphabet change to frozen version normal on input l
ine 2328.
LaTeX Font Info:    No math alphabet change to frozen version normal on input l
ine 2328.
LaTeX Font Info:    No math alphabet change to frozen version normal on input l
ine 2329.
LaTeX Font Info:    No math alphabet change to frozen version normal on input l
ine 2329.
LaTeX Font Info:    No math alphabet change to frozen version normal on input l
ine 2332.
LaTeX Font Info:    No math alphabet change to frozen version normal on input l
ine 2334.
LaTeX Font Info:    No math alphabet change to frozen version normal on input l
ine 2339.
LaTeX Font Info:    No math alphabet change to frozen version normal on input l
ine 2340.
LaTeX Font Info:    No math alphabet change to frozen version normal on input l
ine 2342.


[36]
LaTeX Font Info:    No math alphabet change to frozen version normal on input l
ine 2349.
LaTeX Font Info:    No math alphabet change to frozen version normal on input l
ine 2353.
LaTeX Font Info:    No math alphabet change to frozen version normal on input l
ine 2357.
LaTeX Font Info:    No math alphabet change to frozen version normal on input l
ine 2361.
LaTeX Font Info:    No math alphabet change to frozen version normal on input l
ine 2362.
LaTeX Font Info:    No math alphabet change to frozen version normal on input l
ine 2363.
LaTeX Font Info:    No math alphabet change to frozen version normal on input l
ine 2364.
LaTeX Font Info:    No math alphabet change to frozen version normal on input l
ine 2370.
LaTeX Font Info:    No math alphabet change to frozen version normal on input l
ine 2370.
LaTeX Font Info:    No math alphabet change to frozen version normal on input l
ine 2370.
LaTeX Font Info:    No math alphabet change to frozen version normal on input l
ine 2372.
LaTeX Font Info:    No math alphabet change to frozen version normal on input l
ine 2373.
LaTeX Font Info:    No math alphabet change to frozen version normal on input l
ine 2374.
LaTeX Font Info:    No math alphabet change to frozen version normal on input l
ine 2375.
LaTeX Font Info:    No math alphabet change to frozen version normal on input l
ine 2376.
LaTeX Font Info:    No math alphabet change to frozen version normal on input l
ine 2377.
LaTeX Font Info:    No math alphabet change to frozen version normal on input l
ine 2378.
LaTeX Font Info:    No math alphabet change to frozen version normal on input l
ine 2379.
LaTeX Font Info:    No math alphabet change to frozen version normal on input l
ine 2380.
LaTeX Font Info:    No math alphabet change to frozen version normal on input l
ine 2381.
LaTeX Font Info:    No math alphabet change to frozen version normal on input l
ine 2382.
LaTeX Font Info:    No math alphabet change to frozen version normal on input l
ine 2383.
LaTeX Font Info:    No math alphabet change to frozen version normal on input l
ine 2384.
LaTeX Font Info:    No math alphabet change to frozen version normal on input l
ine 2385.
LaTeX Font Info:    No math alphabet change to frozen version normal on input l
ine 2386.
LaTeX Font Info:    No math alphabet change to frozen version normal on input l
ine 2387.
LaTeX Font Info:    No math alphabet change to frozen version normal on input l
ine 2394.
LaTeX Font Info:    No math alphabet change to frozen version normal on input l
ine 2394.
LaTeX Font Info:    No math alphabet change to frozen version normal on input l
ine 2399.
LaTeX Font Info:    No math alphabet change to frozen version normal on input l
ine 2403.
LaTeX Font Info:    No math alphabet change to frozen version normal on input l
ine 2403.
LaTeX Font Info:    No math alphabet change to frozen version normal on input l
ine 2403.
LaTeX Font Info:    No math alphabet change to frozen version normal on input l
ine 2403.
LaTeX Font Info:    No math alphabet change to frozen version normal on input l
ine 2403.
LaTeX Font Info:    No math alphabet change to frozen version normal on input l
ine 2404.
LaTeX Font Info:    No math alphabet change to frozen version normal on input l
ine 2404.
LaTeX Font Info:    No math alphabet change to frozen version normal on input l
ine 2404.
LaTeX Font Info:    No math alphabet change to frozen version normal on input l
ine 2404.
LaTeX Font Info:    No math alphabet change to frozen version normal on input l
ine 2405.
LaTeX Font Info:    No math alphabet change to frozen version normal on input l
ine 2405.
LaTeX Font Info:    No math alphabet change to frozen version normal on input l
ine 2405.
LaTeX Font Info:    No math alphabet change to frozen version normal on input l
ine 2405.
LaTeX Font Info:    No math alphabet change to frozen version normal on input l
ine 2405.
LaTeX Font Info:    No math alphabet change to frozen version normal on input l
ine 2406.
LaTeX Font Info:    No math alphabet change to frozen version normal on input l
ine 2406.
LaTeX Font Info:    No math alphabet change to frozen version normal on input l
ine 2406.
LaTeX Font Info:    No math alphabet change to frozen version normal on input l
ine 2406.
LaTeX Font Info:    No math alphabet change to frozen version normal on input l
ine 2406.
LaTeX Font Info:    No math alphabet change to frozen version normal on input l
ine 2407.
LaTeX Font Info:    No math alphabet change to frozen version normal on input l
ine 2407.
LaTeX Font Info:    No math alphabet change to frozen version normal on input l
ine 2407.
LaTeX Font Info:    No math alphabet change to frozen version normal on input l
ine 2407.
LaTeX Font Info:    No math alphabet change to frozen version normal on input l
ine 2407.
LaTeX Font Info:    No math alphabet change to frozen version normal on input l
ine 2408.
LaTeX Font Info:    No math alphabet change to frozen version normal on input l
ine 2408.
LaTeX Font Info:    No math alphabet change to frozen version normal on input l
ine 2408.
LaTeX Font Info:    No math alphabet change to frozen version normal on input l
ine 2408.
LaTeX Font Info:    No math alphabet change to frozen version normal on input l
ine 2408.
LaTeX Font Info:    No math alphabet change to frozen version normal on input l
ine 2409.
LaTeX Font Info:    No math alphabet change to frozen version normal on input l
ine 2409.
LaTeX Font Info:    No math alphabet change to frozen version normal on input l
ine 2409.
LaTeX Font Info:    No math alphabet change to frozen version normal on input l
ine 2409.
LaTeX Font Info:    No math alphabet change to frozen version normal on input l
ine 2409.
LaTeX Font Info:    No math alphabet change to frozen version normal on input l
ine 2410.
LaTeX Font Info:    No math alphabet change to frozen version normal on input l
ine 2410.
LaTeX Font Info:    No math alphabet change to frozen version normal on input l
ine 2410.
LaTeX Font Info:    No math alphabet change to frozen version normal on input l
ine 2410.
LaTeX Font Info:    No math alphabet change to frozen version normal on input l
ine 2410.
LaTeX Font Info:    No math alphabet change to frozen version normal on input l
ine 2411.
LaTeX Font Info:    No math alphabet change to frozen version normal on input l
ine 2411.
LaTeX Font Info:    No math alphabet change to frozen version normal on input l
ine 2411.
LaTeX Font Info:    No math alphabet change to frozen version normal on input l
ine 2411.
LaTeX Font Info:    No math alphabet change to frozen version normal on input l
ine 2411.
LaTeX Font Info:    No math alphabet change to frozen version normal on input l
ine 2412.
LaTeX Font Info:    No math alphabet change to frozen version normal on input l
ine 2413.


[37]
LaTeX Font Info:    No math alphabet change to frozen version normal on input l
ine 2420.
LaTeX Font Info:    No math alphabet change to frozen version normal on input l
ine 2421.
LaTeX Font Info:    No math alphabet change to frozen version normal on input l
ine 2422.
LaTeX Font Info:    No math alphabet change to frozen version normal on input l
ine 2423.
LaTeX Font Info:    No math alphabet change to frozen version normal on input l
ine 2429.
LaTeX Font Info:    No math alphabet change to frozen version normal on input l
ine 2429.
LaTeX Font Info:    No math alphabet change to frozen version normal on input l
ine 2430.
LaTeX Font Info:    No math alphabet change to frozen version normal on input l
ine 2431.
LaTeX Font Info:    No math alphabet change to frozen version normal on input l
ine 2431.
LaTeX Font Info:    No math alphabet change to frozen version normal on input l
ine 2432.
LaTeX Font Info:    No math alphabet change to frozen version normal on input l
ine 2432.
LaTeX Font Info:    No math alphabet change to frozen version normal on input l
ine 2433.
LaTeX Font Info:    No math alphabet change to frozen version normal on input l
ine 2433.
LaTeX Font Info:    No math alphabet change to frozen version normal on input l
ine 2434.
LaTeX Font Info:    No math alphabet change to frozen version normal on input l
ine 2434.
LaTeX Font Info:    No math alphabet change to frozen version normal on input l
ine 2435.
LaTeX Font Info:    No math alphabet change to frozen version normal on input l
ine 2435.
LaTeX Font Info:    No math alphabet change to frozen version normal on input l
ine 2436.
LaTeX Font Info:    No math alphabet change to frozen version normal on input l
ine 2436.
LaTeX Font Info:    No math alphabet change to frozen version normal on input l
ine 2437.
LaTeX Font Info:    No math alphabet change to frozen version normal on input l
ine 2437.
LaTeX Font Info:    No math alphabet change to frozen version normal on input l
ine 2438.
LaTeX Font Info:    No math alphabet change to frozen version normal on input l
ine 2439.
LaTeX Font Info:    No math alphabet change to frozen version normal on input l
ine 2442.
LaTeX Font Info:    No math alphabet change to frozen version normal on input l
ine 2446.
LaTeX Font Info:    No math alphabet change to frozen version normal on input l
ine 2448.
LaTeX Font Info:    No math alphabet change to frozen version normal on input l
ine 2451.
LaTeX Font Info:    No math alphabet change to frozen version normal on input l
ine 2455.
LaTeX Font Info:    No math alphabet change to frozen version normal on input l
ine 2458.
LaTeX Font Info:    No math alphabet change to frozen version normal on input l
ine 2465.
LaTeX Font Info:    No math alphabet change to frozen version normal on input l
ine 2468.
LaTeX Font Info:    No math alphabet change to frozen version normal on input l
ine 2469.
LaTeX Font Info:    No math alphabet change to frozen version normal on input l
ine 2473.
LaTeX Font Info:    No math alphabet change to frozen version normal on input l
ine 2473.
LaTeX Font Info:    No math alphabet change to frozen version normal on input l
ine 2474.
LaTeX Font Info:    No math alphabet change to frozen version normal on input l
ine 2474.
LaTeX Font Info:    No math alphabet change to frozen version normal on input l
ine 2474.
LaTeX Font Info:    No math alphabet change to frozen version normal on input l
ine 2475.
LaTeX Font Info:    No math alphabet change to frozen version normal on input l
ine 2475.
LaTeX Font Info:    No math alphabet change to frozen version normal on input l
ine 2475.
LaTeX Font Info:    No math alphabet change to frozen version normal on input l
ine 2476.
LaTeX Font Info:    No math alphabet change to frozen version normal on input l
ine 2477.
LaTeX Font Info:    No math alphabet change to frozen version normal on input l
ine 2478.
LaTeX Font Info:    No math alphabet change to frozen version normal on input l
ine 2480.
LaTeX Font Info:    No math alphabet change to frozen version normal on input l
ine 2482.
LaTeX Font Info:    No math alphabet change to frozen version normal on input l
ine 2487.
LaTeX Font Info:    No math alphabet change to frozen version normal on input l
ine 2488.
LaTeX Font Info:    No math alphabet change to frozen version normal on input l
ine 2489.
LaTeX Font Info:    No math alphabet change to frozen version normal on input l
ine 2489.
LaTeX Font Info:    No math alphabet change to frozen version normal on input l
ine 2489.
LaTeX Font Info:    No math alphabet change to frozen version normal on input l
ine 2489.


[38]
LaTeX Font Info:    No math alphabet change to frozen version normal on input l
ine 2495.
LaTeX Font Info:    No math alphabet change to frozen version normal on input l
ine 2501.
LaTeX Font Info:    No math alphabet change to frozen version normal on input l
ine 2502.
LaTeX Font Info:    No math alphabet change to frozen version normal on input l
ine 2506.
LaTeX Font Info:    No math alphabet change to frozen version normal on input l
ine 2507.
LaTeX Font Info:    No math alphabet change to frozen version normal on input l
ine 2507.
LaTeX Font Info:    No math alphabet change to frozen version normal on input l
ine 2508.
LaTeX Font Info:    No math alphabet change to frozen version normal on input l
ine 2512.
LaTeX Font Info:    No math alphabet change to frozen version normal on input l
ine 2513.
LaTeX Font Info:    No math alphabet change to frozen version normal on input l
ine 2515.
LaTeX Font Info:    No math alphabet change to frozen version normal on input l
ine 2517.
LaTeX Font Info:    No math alphabet change to frozen version normal on input l
ine 2518.
LaTeX Font Info:    No math alphabet change to frozen version normal on input l
ine 2519.
LaTeX Font Info:    No math alphabet change to frozen version normal on input l
ine 2519.
LaTeX Font Info:    No math alphabet change to frozen version normal on input l
ine 2524.
LaTeX Font Info:    No math alphabet change to frozen version normal on input l
ine 2526.
LaTeX Font Info:    No math alphabet change to frozen version normal on input l
ine 2526.
LaTeX Font Info:    No math alphabet change to frozen version normal on input l
ine 2539.
LaTeX Font Info:    No math alphabet change to frozen version normal on input l
ine 2545.
LaTeX Font Info:    No math alphabet change to frozen version normal on input l
ine 2550.
LaTeX Font Info:    No math alphabet change to frozen version normal on input l
ine 2551.
LaTeX Font Info:    No math alphabet change to frozen version normal on input l
ine 2554.
LaTeX Font Info:    No math alphabet change to frozen version normal on input l
ine 2554.
LaTeX Font Info:    No math alphabet change to frozen version normal on input l
ine 2554.
LaTeX Font Info:    No math alphabet change to frozen version normal on input l
ine 2554.
LaTeX Font Info:    No math alphabet change to frozen version normal on input l
ine 2554.
LaTeX Font Info:    No math alphabet change to frozen version normal on input l
ine 2555.
LaTeX Font Info:    No math alphabet change to frozen version normal on input l
ine 2555.
LaTeX Font Info:    No math alphabet change to frozen version normal on input l
ine 2555.
LaTeX Font Info:    No math alphabet change to frozen version normal on input l
ine 2555.
LaTeX Font Info:    No math alphabet change to frozen version normal on input l
ine 2556.
LaTeX Font Info:    No math alphabet change to frozen version normal on input l
ine 2556.
LaTeX Font Info:    No math alphabet change to frozen version normal on input l
ine 2556.
LaTeX Font Info:    No math alphabet change to frozen version normal on input l
ine 2556.
LaTeX Font Info:    No math alphabet change to frozen version normal on input l
ine 2556.
LaTeX Font Info:    No math alphabet change to frozen version normal on input l
ine 2557.
LaTeX Font Info:    No math alphabet change to frozen version normal on input l
ine 2557.
LaTeX Font Info:    No math alphabet change to frozen version normal on input l
ine 2557.
LaTeX Font Info:    No math alphabet change to frozen version normal on input l
ine 2557.
LaTeX Font Info:    No math alphabet change to frozen version normal on input l
ine 2557.
LaTeX Font Info:    No math alphabet change to frozen version normal on input l
ine 2558.
LaTeX Font Info:    No math alphabet change to frozen version normal on input l
ine 2559.
LaTeX Font Info:    No math alphabet change to frozen version normal on input l
ine 2564.
LaTeX Font Info:    No math alphabet change to frozen version normal on input l
ine 2568.
LaTeX Font Info:    No math alphabet change to frozen version normal on input l
ine 2571.
LaTeX Font Info:    No math alphabet change to frozen version normal on input l
ine 2572.
LaTeX Font Info:    No math alphabet change to frozen version normal on input l
ine 2575.
LaTeX Font Info:    No math alphabet change to frozen version normal on input l
ine 2578.


[39]
LaTeX Font Info:    No math alphabet change to frozen version normal on input l
ine 2579.
LaTeX Font Info:    No math alphabet change to frozen version normal on input l
ine 2582.
LaTeX Font Info:    No math alphabet change to frozen version normal on input l
ine 2585.
LaTeX Font Info:    No math alphabet change to frozen version normal on input l
ine 2586.
LaTeX Font Info:    No math alphabet change to frozen version normal on input l
ine 2588.
LaTeX Font Info:    No math alphabet change to frozen version normal on input l
ine 2588.
LaTeX Font Info:    No math alphabet change to frozen version normal on input l
ine 2589.
LaTeX Font Info:    No math alphabet change to frozen version normal on input l
ine 2595.
LaTeX Font Info:    No math alphabet change to frozen version normal on input l
ine 2596.
LaTeX Font Info:    No math alphabet change to frozen version normal on input l
ine 2600.
LaTeX Font Info:    No math alphabet change to frozen version normal on input l
ine 2606.
LaTeX Font Info:    No math alphabet change to frozen version normal on input l
ine 2607.
LaTeX Font Info:    No math alphabet change to frozen version normal on input l
ine 2609.
LaTeX Font Info:    No math alphabet change to frozen version normal on input l
ine 2610.
LaTeX Font Info:    No math alphabet change to frozen version normal on input l
ine 2613.
LaTeX Font Info:    No math alphabet change to frozen version normal on input l
ine 2615.
LaTeX Font Info:    No math alphabet change to frozen version normal on input l
ine 2616.
LaTeX Font Info:    No math alphabet change to frozen version normal on input l
ine 2619.
LaTeX Font Info:    No math alphabet change to frozen version normal on input l
ine 2623.
LaTeX Font Info:    No math alphabet change to frozen version normal on input l
ine 2626.
LaTeX Font Info:    No math alphabet change to frozen version normal on input l
ine 2626.
LaTeX Font Info:    No math alphabet change to frozen version normal on input l
ine 2626.
LaTeX Font Info:    No math alphabet change to frozen version normal on input l
ine 2627.
LaTeX Font Info:    No math alphabet change to frozen version normal on input l
ine 2628.
LaTeX Font Info:    No math alphabet change to frozen version normal on input l
ine 2629.
LaTeX Font Info:    No math alphabet change to frozen version normal on input l
ine 2633.
LaTeX Font Info:    No math alphabet change to frozen version normal on input l
ine 2634.
LaTeX Font Info:    No math alphabet change to frozen version normal on input l
ine 2635.
LaTeX Font Info:    No math alphabet change to frozen version normal on input l
ine 2635.
LaTeX Font Info:    No math alphabet change to frozen version normal on input l
ine 2636.
LaTeX Font Info:    No math alphabet change to frozen version normal on input l
ine 2636.
LaTeX Font Info:    No math alphabet change to frozen version normal on input l
ine 2641.
LaTeX Font Info:    No math alphabet change to frozen version normal on input l
ine 2642.
LaTeX Font Info:    No math alphabet change to frozen version normal on input l
ine 2643.
LaTeX Font Info:    No math alphabet change to frozen version normal on input l
ine 2648.
LaTeX Font Info:    No math alphabet change to frozen version normal on input l
ine 2649.
LaTeX Font Info:    No math alphabet change to frozen version normal on input l
ine 2653.
LaTeX Font Info:    No math alphabet change to frozen version normal on input l
ine 2654.
LaTeX Font Info:    No math alphabet change to frozen version normal on input l
ine 2654.


[40]
LaTeX Font Info:    No math alphabet change to frozen version normal on input l
ine 2656.
LaTeX Font Info:    No math alphabet change to frozen version normal on input l
ine 2661.
LaTeX Font Info:    No math alphabet change to frozen version normal on input l
ine 2665.
LaTeX Font Info:    No math alphabet change to frozen version normal on input l
ine 2666.
LaTeX Font Info:    No math alphabet change to frozen version normal on input l
ine 2666.
LaTeX Font Info:    No math alphabet change to frozen version normal on input l
ine 2668.
LaTeX Font Info:    No math alphabet change to frozen version normal on input l
ine 2670.
LaTeX Font Info:    No math alphabet change to frozen version normal on input l
ine 2671.
LaTeX Font Info:    No math alphabet change to frozen version normal on input l
ine 2673.
LaTeX Font Info:    No math alphabet change to frozen version normal on input l
ine 2678.
LaTeX Font Info:    No math alphabet change to frozen version normal on input l
ine 2681.
LaTeX Font Info:    No math alphabet change to frozen version normal on input l
ine 2681.
LaTeX Font Info:    No math alphabet change to frozen version normal on input l
ine 2681.
LaTeX Font Info:    No math alphabet change to frozen version normal on input l
ine 2682.
LaTeX Font Info:    No math alphabet change to frozen version normal on input l
ine 2682.
LaTeX Font Info:    No math alphabet change to frozen version normal on input l
ine 2683.
LaTeX Font Info:    No math alphabet change to frozen version normal on input l
ine 2683.
LaTeX Font Info:    No math alphabet change to frozen version normal on input l
ine 2683.
LaTeX Font Info:    No math alphabet change to frozen version normal on input l
ine 2684.
LaTeX Font Info:    No math alphabet change to frozen version normal on input l
ine 2684.
LaTeX Font Info:    No math alphabet change to frozen version normal on input l
ine 2684.
LaTeX Font Info:    No math alphabet change to frozen version normal on input l
ine 2685.
LaTeX Font Info:    No math alphabet change to frozen version normal on input l
ine 2686.
LaTeX Font Info:    No math alphabet change to frozen version normal on input l
ine 2691.
LaTeX Font Info:    No math alphabet change to frozen version normal on input l
ine 2693.
LaTeX Font Info:    No math alphabet change to frozen version normal on input l
ine 2694.
LaTeX Font Info:    No math alphabet change to frozen version normal on input l
ine 2697.
LaTeX Font Info:    No math alphabet change to frozen version normal on input l
ine 2698.
LaTeX Font Info:    No math alphabet change to frozen version normal on input l
ine 2699.
LaTeX Font Info:    No math alphabet change to frozen version normal on input l
ine 2703.
LaTeX Font Info:    No math alphabet change to frozen version normal on input l
ine 2705.
LaTeX Font Info:    No math alphabet change to frozen version normal on input l
ine 2705.
LaTeX Font Info:    No math alphabet change to frozen version normal on input l
ine 2706.
LaTeX Font Info:    No math alphabet change to frozen version normal on input l
ine 2706.
LaTeX Font Info:    No math alphabet change to frozen version normal on input l
ine 2711.
LaTeX Font Info:    No math alphabet change to frozen version normal on input l
ine 2712.
LaTeX Font Info:    No math alphabet change to frozen version normal on input l
ine 2714.
LaTeX Font Info:    No math alphabet change to frozen version normal on input l
ine 2716.
LaTeX Font Info:    No math alphabet change to frozen version normal on input l
ine 2721.
LaTeX Font Info:    No math alphabet change to frozen version normal on input l
ine 2724.
LaTeX Font Info:    No math alphabet change to frozen version normal on input l
ine 2724.
LaTeX Font Info:    No math alphabet change to frozen version normal on input l
ine 2725.
LaTeX Font Info:    No math alphabet change to frozen version normal on input l
ine 2729.


[41]
LaTeX Font Info:    No math alphabet change to frozen version normal on input l
ine 2730.
LaTeX Font Info:    No math alphabet change to frozen version normal on input l
ine 2736.
LaTeX Font Info:    No math alphabet change to frozen version normal on input l
ine 2737.
LaTeX Font Info:    No math alphabet change to frozen version normal on input l
ine 2741.
LaTeX Font Info:    No math alphabet change to frozen version normal on input l
ine 2747.
LaTeX Font Info:    No math alphabet change to frozen version normal on input l
ine 2749.
LaTeX Font Info:    No math alphabet change to frozen version normal on input l
ine 2757.
LaTeX Font Info:    No math alphabet change to frozen version normal on input l
ine 2758.
LaTeX Font Info:    No math alphabet change to frozen version normal on input l
ine 2760.
LaTeX Font Info:    No math alphabet change to frozen version normal on input l
ine 2760.
LaTeX Font Info:    No math alphabet change to frozen version normal on input l
ine 2765.
LaTeX Font Info:    No math alphabet change to frozen version normal on input l
ine 2770.
LaTeX Font Info:    No math alphabet change to frozen version normal on input l
ine 2773.
LaTeX Font Info:    No math alphabet change to frozen version normal on input l
ine 2773.
LaTeX Font Info:    No math alphabet change to frozen version normal on input l
ine 2774.
LaTeX Font Info:    No math alphabet change to frozen version normal on input l
ine 2774.
LaTeX Font Info:    No math alphabet change to frozen version normal on input l
ine 2776.
LaTeX Font Info:    No math alphabet change to frozen version normal on input l
ine 2776.
LaTeX Font Info:    No math alphabet change to frozen version normal on input l
ine 2777.
LaTeX Font Info:    No math alphabet change to frozen version normal on input l
ine 2778.
LaTeX Font Info:    No math alphabet change to frozen version normal on input l
ine 2783.
LaTeX Font Info:    No math alphabet change to frozen version normal on input l
ine 2784.
LaTeX Font Info:    No math alphabet change to frozen version normal on input l
ine 2784.
LaTeX Font Info:    No math alphabet change to frozen version normal on input l
ine 2784.
LaTeX Font Info:    No math alphabet change to frozen version normal on input l
ine 2785.
LaTeX Font Info:    No math alphabet change to frozen version normal on input l
ine 2790.
LaTeX Font Info:    No math alphabet change to frozen version normal on input l
ine 2794.
LaTeX Font Info:    No math alphabet change to frozen version normal on input l
ine 2794.
LaTeX Font Info:    No math alphabet change to frozen version normal on input l
ine 2794.
LaTeX Font Info:    No math alphabet change to frozen version normal on input l
ine 2795.
LaTeX Font Info:    No math alphabet change to frozen version normal on input l
ine 2796.
LaTeX Font Info:    No math alphabet change to frozen version normal on input l
ine 2797.
LaTeX Font Info:    No math alphabet change to frozen version normal on input l
ine 2797.
LaTeX Font Info:    No math alphabet change to frozen version normal on input l
ine 2799.
LaTeX Font Info:    No math alphabet change to frozen version normal on input l
ine 2800.
LaTeX Font Info:    No math alphabet change to frozen version normal on input l
ine 2800.
LaTeX Font Info:    No math alphabet change to frozen version normal on input l
ine 2802.
LaTeX Font Info:    No math alphabet change to frozen version normal on input l
ine 2803.
LaTeX Font Info:    No math alphabet change to frozen version normal on input l
ine 2803.
LaTeX Font Info:    No math alphabet change to frozen version normal on input l
ine 2804.
LaTeX Font Info:    No math alphabet change to frozen version normal on input l
ine 2805.
LaTeX Font Info:    No math alphabet change to frozen version normal on input l
ine 2806.
LaTeX Font Info:    No math alphabet change to frozen version normal on input l
ine 2807.
LaTeX Font Info:    No math alphabet change to frozen version normal on input l
ine 2808.
LaTeX Font Info:    No math alphabet change to frozen version normal on input l
ine 2810.
LaTeX Font Info:    No math alphabet change to frozen version normal on input l
ine 2810.
LaTeX Font Info:    No math alphabet change to frozen version normal on input l
ine 2811.
LaTeX Font Info:    No math alphabet change to frozen version normal on input l
ine 2811.
LaTeX Font Info:    No math alphabet change to frozen version normal on input l
ine 2812.


[42]
LaTeX Font Info:    No math alphabet change to frozen version normal on input l
ine 2814.
LaTeX Font Info:    No math alphabet change to frozen version normal on input l
ine 2814.
LaTeX Font Info:    No math alphabet change to frozen version normal on input l
ine 2814.
LaTeX Font Info:    No math alphabet change to frozen version normal on input l
ine 2814.
LaTeX Font Info:    No math alphabet change to frozen version normal on input l
ine 2814.
LaTeX Font Info:    No math alphabet change to frozen version normal on input l
ine 2819.
LaTeX Font Info:    No math alphabet change to frozen version normal on input l
ine 2823.
LaTeX Font Info:    No math alphabet change to frozen version normal on input l
ine 2823.
LaTeX Font Info:    No math alphabet change to frozen version normal on input l
ine 2823.
LaTeX Font Info:    No math alphabet change to frozen version normal on input l
ine 2824.
LaTeX Font Info:    No math alphabet change to frozen version normal on input l
ine 2828.
LaTeX Font Info:    No math alphabet change to frozen version normal on input l
ine 2829.
LaTeX Font Info:    No math alphabet change to frozen version normal on input l
ine 2834.
LaTeX Font Info:    No math alphabet change to frozen version normal on input l
ine 2838.
LaTeX Font Info:    No math alphabet change to frozen version normal on input l
ine 2838.
LaTeX Font Info:    No math alphabet change to frozen version normal on input l
ine 2838.
LaTeX Font Info:    No math alphabet change to frozen version normal on input l
ine 2839.
LaTeX Font Info:    No math alphabet change to frozen version normal on input l
ine 2843.
LaTeX Font Info:    No math alphabet change to frozen version normal on input l
ine 2844.
LaTeX Font Info:    No math alphabet change to frozen version normal on input l
ine 2850.
LaTeX Font Info:    No math alphabet change to frozen version normal on input l
ine 2851.
LaTeX Font Info:    No math alphabet change to frozen version normal on input l
ine 2851.
LaTeX Font Info:    No math alphabet change to frozen version normal on input l
ine 2851.
LaTeX Font Info:    No math alphabet change to frozen version normal on input l
ine 2851.
LaTeX Font Info:    No math alphabet change to frozen version normal on input l
ine 2851.
LaTeX Font Info:    No math alphabet change to frozen version normal on input l
ine 2854.
LaTeX Font Info:    No math alphabet change to frozen version normal on input l
ine 2854.
LaTeX Font Info:    No math alphabet change to frozen version normal on input l
ine 2854.
LaTeX Font Info:    No math alphabet change to frozen version normal on input l
ine 2855.
LaTeX Font Info:    No math alphabet change to frozen version normal on input l
ine 2857.
LaTeX Font Info:    No math alphabet change to frozen version normal on input l
ine 2858.
LaTeX Font Info:    No math alphabet change to frozen version normal on input l
ine 2861.
LaTeX Font Info:    No math alphabet change to frozen version normal on input l
ine 2862.
LaTeX Font Info:    No math alphabet change to frozen version normal on input l
ine 2867.
LaTeX Font Info:    No math alphabet change to frozen version normal on input l
ine 2871.
LaTeX Font Info:    No math alphabet change to frozen version normal on input l
ine 2871.
LaTeX Font Info:    No math alphabet change to frozen version normal on input l
ine 2871.
LaTeX Font Info:    No math alphabet change to frozen version normal on input l
ine 2872.
LaTeX Font Info:    No math alphabet change to frozen version normal on input l
ine 2876.
LaTeX Font Info:    No math alphabet change to frozen version normal on input l
ine 2877.
LaTeX Font Info:    No math alphabet change to frozen version normal on input l
ine 2884.
LaTeX Font Info:    No math alphabet change to frozen version normal on input l
ine 2884.
LaTeX Font Info:    No math alphabet change to frozen version normal on input l
ine 2885.
LaTeX Font Info:    No math alphabet change to frozen version normal on input l
ine 2886.
LaTeX Font Info:    No math alphabet change to frozen version normal on input l
ine 2887.
LaTeX Font Info:    No math alphabet change to frozen version normal on input l
ine 2890.
LaTeX Font Info:    No math alphabet change to frozen version normal on input l
ine 2892.
LaTeX Font Info:    No math alphabet change to frozen version normal on input l
ine 2896.


[43]
LaTeX Font Info:    No math alphabet change to frozen version normal on input l
ine 2900.
LaTeX Font Info:    No math alphabet change to frozen version normal on input l
ine 2901.
LaTeX Font Info:    No math alphabet change to frozen version normal on input l
ine 2905.
LaTeX Font Info:    No math alphabet change to frozen version normal on input l
ine 2910.
LaTeX Font Info:    No math alphabet change to frozen version normal on input l
ine 2914.
LaTeX Font Info:    No math alphabet change to frozen version normal on input l
ine 2918.
LaTeX Font Info:    No math alphabet change to frozen version normal on input l
ine 2921.
LaTeX Font Info:    No math alphabet change to frozen version normal on input l
ine 2926.
LaTeX Font Info:    No math alphabet change to frozen version normal on input l
ine 2932.
LaTeX Font Info:    No math alphabet change to frozen version normal on input l
ine 2933.
LaTeX Font Info:    No math alphabet change to frozen version normal on input l
ine 2933.
LaTeX Font Info:    No math alphabet change to frozen version normal on input l
ine 2934.
LaTeX Font Info:    No math alphabet change to frozen version normal on input l
ine 2938.
LaTeX Font Info:    No math alphabet change to frozen version normal on input l
ine 2939.
LaTeX Font Info:    No math alphabet change to frozen version normal on input l
ine 2942.
LaTeX Font Info:    No math alphabet change to frozen version normal on input l
ine 2943.
LaTeX Font Info:    No math alphabet change to frozen version normal on input l
ine 2944.
LaTeX Font Info:    No math alphabet change to frozen version normal on input l
ine 2945.
LaTeX Font Info:    No math alphabet change to frozen version normal on input l
ine 2947.
LaTeX Font Info:    No math alphabet change to frozen version normal on input l
ine 2948.
LaTeX Font Info:    No math alphabet change to frozen version normal on input l
ine 2949.
LaTeX Font Info:    No math alphabet change to frozen version normal on input l
ine 2950.
LaTeX Font Info:    No math alphabet change to frozen version normal on input l
ine 2952.
LaTeX Font Info:    No math alphabet change to frozen version normal on input l
ine 2953.
LaTeX Font Info:    No math alphabet change to frozen version normal on input l
ine 2958.
LaTeX Font Info:    No math alphabet change to frozen version normal on input l
ine 2962.
LaTeX Font Info:    No math alphabet change to frozen version normal on input l
ine 2967.
LaTeX Font Info:    No math alphabet change to frozen version normal on input l
ine 2974.
LaTeX Font Info:    No math alphabet change to frozen version normal on input l
ine 2975.
LaTeX Font Info:    No math alphabet change to frozen version normal on input l
ine 2976.
LaTeX Font Info:    No math alphabet change to frozen version normal on input l
ine 2981.
LaTeX Font Info:    No math alphabet change to frozen version normal on input l
ine 2983.
LaTeX Font Info:    No math alphabet change to frozen version normal on input l
ine 2983.
LaTeX Font Info:    No math alphabet change to frozen version normal on input l
ine 2983.
LaTeX Font Info:    No math alphabet change to frozen version normal on input l
ine 2984.
LaTeX Font Info:    No math alphabet change to frozen version normal on input l
ine 2985.
LaTeX Font Info:    No math alphabet change to frozen version normal on input l
ine 2985.
LaTeX Font Info:    No math alphabet change to frozen version normal on input l
ine 2986.
LaTeX Font Info:    No math alphabet change to frozen version normal on input l
ine 2986.
LaTeX Font Info:    No math alphabet change to frozen version normal on input l
ine 2987.
LaTeX Font Info:    No math alphabet change to frozen version normal on input l
ine 2988.
LaTeX Font Info:    No math alphabet change to frozen version normal on input l
ine 2988.
LaTeX Font Info:    No math alphabet change to frozen version normal on input l
ine 2989.
LaTeX Font Info:    No math alphabet change to frozen version normal on input l
ine 2990.
LaTeX Font Info:    No math alphabet change to frozen version normal on input l
ine 2992.


[44]
LaTeX Font Info:    No math alphabet change to frozen version normal on input l
ine 2996.
LaTeX Font Info:    No math alphabet change to frozen version normal on input l
ine 2999.
LaTeX Font Info:    No math alphabet change to frozen version normal on input l
ine 2999.
LaTeX Font Info:    No math alphabet change to frozen version normal on input l
ine 3000.
LaTeX Font Info:    No math alphabet change to frozen version normal on input l
ine 3002.
LaTeX Font Info:    No math alphabet change to frozen version normal on input l
ine 3007.
LaTeX Font Info:    No math alphabet change to frozen version normal on input l
ine 3007.
LaTeX Font Info:    No math alphabet change to frozen version normal on input l
ine 3012.
LaTeX Font Info:    No math alphabet change to frozen version normal on input l
ine 3017.
LaTeX Font Info:    No math alphabet change to frozen version normal on input l
ine 3018.
LaTeX Font Info:    No math alphabet change to frozen version normal on input l
ine 3019.
LaTeX Font Info:    No math alphabet change to frozen version normal on input l
ine 3019.
LaTeX Font Info:    No math alphabet change to frozen version normal on input l
ine 3020.
LaTeX Font Info:    No math alphabet change to frozen version normal on input l
ine 3020.
LaTeX Font Info:    No math alphabet change to frozen version normal on input l
ine 3022.
LaTeX Font Info:    No math alphabet change to frozen version normal on input l
ine 3023.
LaTeX Font Info:    Undo math alphabet allocation in version normal on input li
ne 3028.
LaTeX Font Info:    No math alphabet change to frozen version normal on input l
ine 3034.
LaTeX Font Info:    Undo math alphabet allocation in version normal on input li
ne 3035.
LaTeX Font Info:    No math alphabet change to frozen version normal on input l
ine 3036.
LaTeX Font Info:    No math alphabet change to frozen version normal on input l
ine 3038.
LaTeX Font Info:    No math alphabet change to frozen version normal on input l
ine 3038.
LaTeX Font Info:    Undo math alphabet allocation in version normal on input li
ne 3039.
LaTeX Font Info:    No math alphabet change to frozen version normal on input l
ine 3040.
LaTeX Font Info:    No math alphabet change to frozen version normal on input l
ine 3044.
LaTeX Font Info:    No math alphabet change to frozen version normal on input l
ine 3054.
LaTeX Font Info:    No math alphabet change to frozen version normal on input l
ine 3055.
LaTeX Font Info:    No math alphabet change to frozen version normal on input l
ine 3055.
LaTeX Font Info:    No math alphabet change to frozen version normal on input l
ine 3056.
LaTeX Font Info:    No math alphabet change to frozen version normal on input l
ine 3064.
LaTeX Font Info:    No math alphabet change to frozen version normal on input l
ine 3066.
LaTeX Font Info:    No math alphabet change to frozen version normal on input l
ine 3070.
LaTeX Font Info:    No math alphabet change to frozen version normal on input l
ine 3072.
LaTeX Font Info:    No math alphabet change to frozen version normal on input l
ine 3073.


[45]
LaTeX Font Info:    No math alphabet change to frozen version normal on input l
ine 3082.
LaTeX Font Info:    No math alphabet change to frozen version normal on input l
ine 3084.
LaTeX Font Info:    No math alphabet change to frozen version normal on input l
ine 3088.
LaTeX Font Info:    No math alphabet change to frozen version normal on input l
ine 3091.
LaTeX Font Info:    No math alphabet change to frozen version normal on input l
ine 3093.
LaTeX Font Info:    No math alphabet change to frozen version normal on input l
ine 3097.
LaTeX Font Info:    No math alphabet change to frozen version normal on input l
ine 3102.
LaTeX Font Info:    No math alphabet change to frozen version normal on input l
ine 3106.
LaTeX Font Info:    No math alphabet change to frozen version normal on input l
ine 3111.
LaTeX Font Info:    No math alphabet change to frozen version normal on input l
ine 3114.
LaTeX Font Info:    No math alphabet change to frozen version normal on input l
ine 3114.
LaTeX Font Info:    No math alphabet change to frozen version normal on input l
ine 3115.
LaTeX Font Info:    No math alphabet change to frozen version normal on input l
ine 3118.
LaTeX Font Info:    No math alphabet change to frozen version normal on input l
ine 3119.
LaTeX Font Info:    No math alphabet change to frozen version normal on input l
ine 3121.
LaTeX Font Info:    No math alphabet change to frozen version normal on input l
ine 3126.
LaTeX Font Info:    No math alphabet change to frozen version normal on input l
ine 3127.
LaTeX Font Info:    No math alphabet change to frozen version normal on input l
ine 3127.
LaTeX Font Info:    No math alphabet change to frozen version normal on input l
ine 3127.
LaTeX Font Info:    No math alphabet change to frozen version normal on input l
ine 3127.
LaTeX Font Info:    No math alphabet change to frozen version normal on input l
ine 3128.
LaTeX Font Info:    No math alphabet change to frozen version normal on input l
ine 3134.
LaTeX Font Info:    No math alphabet change to frozen version normal on input l
ine 3139.
LaTeX Font Info:    No math alphabet change to frozen version normal on input l
ine 3139.
LaTeX Font Info:    No math alphabet change to frozen version normal on input l
ine 3140.
LaTeX Font Info:    No math alphabet change to frozen version normal on input l
ine 3140.
LaTeX Font Info:    No math alphabet change to frozen version normal on input l
ine 3140.
LaTeX Font Info:    No math alphabet change to frozen version normal on input l
ine 3141.
LaTeX Font Info:    No math alphabet change to frozen version normal on input l
ine 3142.
LaTeX Font Info:    No math alphabet change to frozen version normal on input l
ine 3142.
LaTeX Font Info:    No math alphabet change to frozen version normal on input l
ine 3145.
LaTeX Font Info:    No math alphabet change to frozen version normal on input l
ine 3147.


[46]
LaTeX Font Info:    No math alphabet change to frozen version normal on input l
ine 3159.
LaTeX Font Info:    No math alphabet change to frozen version normal on input l
ine 3160.
LaTeX Font Info:    No math alphabet change to frozen version normal on input l
ine 3161.
LaTeX Font Info:    No math alphabet change to frozen version normal on input l
ine 3162.
LaTeX Font Info:    No math alphabet change to frozen version normal on input l
ine 3163.
LaTeX Font Info:    No math alphabet change to frozen version normal on input l
ine 3170.
LaTeX Font Info:    No math alphabet change to frozen version normal on input l
ine 3174.
LaTeX Font Info:    No math alphabet change to frozen version normal on input l
ine 3180.
LaTeX Font Info:    No math alphabet change to frozen version normal on input l
ine 3184.
LaTeX Font Info:    No math alphabet change to frozen version normal on input l
ine 3191.
LaTeX Font Info:    No math alphabet change to frozen version normal on input l
ine 3193.
LaTeX Font Info:    No math alphabet change to frozen version normal on input l
ine 3194.
LaTeX Font Info:    No math alphabet change to frozen version normal on input l
ine 3195.
LaTeX Font Info:    No math alphabet change to frozen version normal on input l
ine 3196.
LaTeX Font Info:    No math alphabet change to frozen version normal on input l
ine 3197.
LaTeX Font Info:    No math alphabet change to frozen version normal on input l
ine 3198.
LaTeX Font Info:    No math alphabet change to frozen version normal on input l
ine 3201.
LaTeX Font Info:    No math alphabet change to frozen version normal on input l
ine 3207.
LaTeX Font Info:    No math alphabet change to frozen version normal on input l
ine 3207.
LaTeX Font Info:    No math alphabet change to frozen version normal on input l
ine 3208.
LaTeX Font Info:    No math alphabet change to frozen version normal on input l
ine 3208.
LaTeX Font Info:    No math alphabet change to frozen version normal on input l
ine 3208.
LaTeX Font Info:    No math alphabet change to frozen version normal on input l
ine 3209.
LaTeX Font Info:    No math alphabet change to frozen version normal on input l
ine 3209.
LaTeX Font Info:    No math alphabet change to frozen version normal on input l
ine 3209.
LaTeX Font Info:    No math alphabet change to frozen version normal on input l
ine 3210.
LaTeX Font Info:    No math alphabet change to frozen version normal on input l
ine 3211.
LaTeX Font Info:    No math alphabet change to frozen version normal on input l
ine 3212.
LaTeX Font Info:    No math alphabet change to frozen version normal on input l
ine 3215.
LaTeX Font Info:    No math alphabet change to frozen version normal on input l
ine 3215.
LaTeX Font Info:    No math alphabet change to frozen version normal on input l
ine 3215.
LaTeX Font Info:    No math alphabet change to frozen version normal on input l
ine 3216.
LaTeX Font Info:    No math alphabet change to frozen version normal on input l
ine 3216.
LaTeX Font Info:    No math alphabet change to frozen version normal on input l
ine 3216.
LaTeX Font Info:    No math alphabet change to frozen version normal on input l
ine 3216.
LaTeX Font Info:    No math alphabet change to frozen version normal on input l
ine 3217.
LaTeX Font Info:    No math alphabet change to frozen version normal on input l
ine 3217.
LaTeX Font Info:    No math alphabet change to frozen version normal on input l
ine 3217.
LaTeX Font Info:    No math alphabet change to frozen version normal on input l
ine 3217.
LaTeX Font Info:    No math alphabet change to frozen version normal on input l
ine 3218.
LaTeX Font Info:    No math alphabet change to frozen version normal on input l
ine 3218.
LaTeX Font Info:    No math alphabet change to frozen version normal on input l
ine 3218.
LaTeX Font Info:    No math alphabet change to frozen version normal on input l
ine 3218.
LaTeX Font Info:    No math alphabet change to frozen version normal on input l
ine 3219.
LaTeX Font Info:    No math alphabet change to frozen version normal on input l
ine 3220.
LaTeX Font Info:    No math alphabet change to frozen version normal on input l
ine 3221.


[47]
LaTeX Font Info:    No math alphabet change to frozen version normal on input l
ine 3223.
LaTeX Font Info:    No math alphabet change to frozen version normal on input l
ine 3226.
LaTeX Font Info:    No math alphabet change to frozen version normal on input l
ine 3230.
LaTeX Font Info:    No math alphabet change to frozen version normal on input l
ine 3232.
LaTeX Font Info:    No math alphabet change to frozen version normal on input l
ine 3237.
LaTeX Font Info:    No math alphabet change to frozen version normal on input l
ine 3240.
LaTeX Font Info:    No math alphabet change to frozen version normal on input l
ine 3240.
LaTeX Font Info:    No math alphabet change to frozen version normal on input l
ine 3241.
LaTeX Font Info:    No math alphabet change to frozen version normal on input l
ine 3245.
LaTeX Font Info:    No math alphabet change to frozen version normal on input l
ine 3246.
LaTeX Font Info:    No math alphabet change to frozen version normal on input l
ine 3250.
LaTeX Font Info:    No math alphabet change to frozen version normal on input l
ine 3251.
LaTeX Font Info:    No math alphabet change to frozen version normal on input l
ine 3257.
LaTeX Font Info:    No math alphabet change to frozen version normal on input l
ine 3258.
LaTeX Font Info:    No math alphabet change to frozen version normal on input l
ine 3262.
LaTeX Font Info:    No math alphabet change to frozen version normal on input l
ine 3262.
LaTeX Font Info:    No math alphabet change to frozen version normal on input l
ine 3264.
LaTeX Font Info:    No math alphabet change to frozen version normal on input l
ine 3265.
LaTeX Font Info:    No math alphabet change to frozen version normal on input l
ine 3265.
LaTeX Font Info:    No math alphabet change to frozen version normal on input l
ine 3266.
LaTeX Font Info:    No math alphabet change to frozen version normal on input l
ine 3267.
LaTeX Font Info:    No math alphabet change to frozen version normal on input l
ine 3269.
LaTeX Font Info:    No math alphabet change to frozen version normal on input l
ine 3269.
LaTeX Font Info:    No math alphabet change to frozen version normal on input l
ine 3270.
LaTeX Font Info:    No math alphabet change to frozen version normal on input l
ine 3273.
LaTeX Font Info:    No math alphabet change to frozen version normal on input l
ine 3279.
LaTeX Font Info:    No math alphabet change to frozen version normal on input l
ine 3279.
LaTeX Font Info:    No math alphabet change to frozen version normal on input l
ine 3285.
LaTeX Font Info:    No math alphabet change to frozen version normal on input l
ine 3290.
LaTeX Font Info:    No math alphabet change to frozen version normal on input l
ine 3291.
LaTeX Font Info:    No math alphabet change to frozen version normal on input l
ine 3294.
LaTeX Font Info:    No math alphabet change to frozen version normal on input l
ine 3297.
LaTeX Font Info:    No math alphabet change to frozen version normal on input l
ine 3297.


[48]
LaTeX Font Info:    No math alphabet change to frozen version normal on input l
ine 3301.
LaTeX Font Info:    No math alphabet change to frozen version normal on input l
ine 3307.
LaTeX Font Info:    No math alphabet change to frozen version normal on input l
ine 3310.
LaTeX Font Info:    No math alphabet change to frozen version normal on input l
ine 3318.
LaTeX Font Info:    No math alphabet change to frozen version normal on input l
ine 3318.
LaTeX Font Info:    No math alphabet change to frozen version normal on input l
ine 3323.
LaTeX Font Info:    No math alphabet change to frozen version normal on input l
ine 3327.
LaTeX Font Info:    No math alphabet change to frozen version normal on input l
ine 3334.
LaTeX Font Info:    No math alphabet change to frozen version normal on input l
ine 3335.
LaTeX Font Info:    No math alphabet change to frozen version normal on input l
ine 3338.
LaTeX Font Info:    No math alphabet change to frozen version normal on input l
ine 3339.
LaTeX Font Info:    No math alphabet change to frozen version normal on input l
ine 3340.
LaTeX Font Info:    No math alphabet change to frozen version normal on input l
ine 3343.
LaTeX Font Info:    No math alphabet change to frozen version normal on input l
ine 3349.
LaTeX Font Info:    No math alphabet change to frozen version normal on input l
ine 3351.
LaTeX Font Info:    No math alphabet change to frozen version normal on input l
ine 3352.
LaTeX Font Info:    No math alphabet change to frozen version normal on input l
ine 3356.
LaTeX Font Info:    No math alphabet change to frozen version normal on input l
ine 3361.
LaTeX Font Info:    No math alphabet change to frozen version normal on input l
ine 3362.
LaTeX Font Info:    No math alphabet change to frozen version normal on input l
ine 3366.
LaTeX Font Info:    No math alphabet change to frozen version normal on input l
ine 3368.
LaTeX Font Info:    No math alphabet change to frozen version normal on input l
ine 3369.
LaTeX Font Info:    No math alphabet change to frozen version normal on input l
ine 3369.


[49]
LaTeX Font Info:    No math alphabet change to frozen version normal on input l
ine 3374.
LaTeX Font Info:    No math alphabet change to frozen version normal on input l
ine 3374.
LaTeX Font Info:    No math alphabet change to frozen version normal on input l
ine 3376.
LaTeX Font Info:    No math alphabet change to frozen version normal on input l
ine 3381.
LaTeX Font Info:    No math alphabet change to frozen version normal on input l
ine 3382.
LaTeX Font Info:    No math alphabet change to frozen version normal on input l
ine 3388.
LaTeX Font Info:    No math alphabet change to frozen version normal on input l
ine 3389.
LaTeX Font Info:    No math alphabet change to frozen version normal on input l
ine 3393.
LaTeX Font Info:    No math alphabet change to frozen version normal on input l
ine 3397.
LaTeX Font Info:    No math alphabet change to frozen version normal on input l
ine 3399.
LaTeX Font Info:    No math alphabet change to frozen version normal on input l
ine 3404.
LaTeX Font Info:    No math alphabet change to frozen version normal on input l
ine 3408.
LaTeX Font Info:    No math alphabet change to frozen version normal on input l
ine 3408.
LaTeX Font Info:    No math alphabet change to frozen version normal on input l
ine 3408.
LaTeX Font Info:    No math alphabet change to frozen version normal on input l
ine 3408.
LaTeX Font Info:    No math alphabet change to frozen version normal on input l
ine 3409.
LaTeX Font Info:    No math alphabet change to frozen version normal on input l
ine 3409.
LaTeX Font Info:    No math alphabet change to frozen version normal on input l
ine 3409.
LaTeX Font Info:    No math alphabet change to frozen version normal on input l
ine 3409.
LaTeX Font Info:    No math alphabet change to frozen version normal on input l
ine 3411.
LaTeX Font Info:    No math alphabet change to frozen version normal on input l
ine 3411.
LaTeX Font Info:    No math alphabet change to frozen version normal on input l
ine 3411.
LaTeX Font Info:    No math alphabet change to frozen version normal on input l
ine 3411.
LaTeX Font Info:    No math alphabet change to frozen version normal on input l
ine 3412.
LaTeX Font Info:    No math alphabet change to frozen version normal on input l
ine 3416.
LaTeX Font Info:    No math alphabet change to frozen version normal on input l
ine 3417.
LaTeX Font Info:    No math alphabet change to frozen version normal on input l
ine 3418.
LaTeX Font Info:    No math alphabet change to frozen version normal on input l
ine 3421.
LaTeX Font Info:    No math alphabet change to frozen version normal on input l
ine 3424.
LaTeX Font Info:    No math alphabet change to frozen version normal on input l
ine 3428.
LaTeX Font Info:    No math alphabet change to frozen version normal on input l
ine 3433.
LaTeX Font Info:    No math alphabet change to frozen version normal on input l
ine 3435.
LaTeX Font Info:    No math alphabet change to frozen version normal on input l
ine 3438.
LaTeX Font Info:    No math alphabet change to frozen version normal on input l
ine 3439.


[50]
LaTeX Font Info:    No math alphabet change to frozen version normal on input l
ine 3443.
LaTeX Font Info:    No math alphabet change to frozen version normal on input l
ine 3444.
LaTeX Font Info:    No math alphabet change to frozen version normal on input l
ine 3450.
LaTeX Font Info:    No math alphabet change to frozen version normal on input l
ine 3451.
LaTeX Font Info:    No math alphabet change to frozen version normal on input l
ine 3452.
LaTeX Font Info:    No math alphabet change to frozen version normal on input l
ine 3455.
LaTeX Font Info:    No math alphabet change to frozen version normal on input l
ine 3455.
LaTeX Font Info:    No math alphabet change to frozen version normal on input l
ine 3455.
LaTeX Font Info:    No math alphabet change to frozen version normal on input l
ine 3455.
LaTeX Font Info:    No math alphabet change to frozen version normal on input l
ine 3456.
LaTeX Font Info:    No math alphabet change to frozen version normal on input l
ine 3457.
LaTeX Font Info:    No math alphabet change to frozen version normal on input l
ine 3457.
LaTeX Font Info:    No math alphabet change to frozen version normal on input l
ine 3460.
LaTeX Font Info:    No math alphabet change to frozen version normal on input l
ine 3465.
LaTeX Font Info:    No math alphabet change to frozen version normal on input l
ine 3470.
LaTeX Font Info:    No math alphabet change to frozen version normal on input l
ine 3471.
LaTeX Font Info:    No math alphabet change to frozen version normal on input l
ine 3471.
LaTeX Font Info:    No math alphabet change to frozen version normal on input l
ine 3471.
LaTeX Font Info:    No math alphabet change to frozen version normal on input l
ine 3472.
LaTeX Font Info:    No math alphabet change to frozen version normal on input l
ine 3472.
LaTeX Font Info:    No math alphabet change to frozen version normal on input l
ine 3473.
LaTeX Font Info:    No math alphabet change to frozen version normal on input l
ine 3474.
LaTeX Font Info:    No math alphabet change to frozen version normal on input l
ine 3476.
LaTeX Font Info:    No math alphabet change to frozen version normal on input l
ine 3484.
LaTeX Font Info:    No math alphabet change to frozen version normal on input l
ine 3489.
LaTeX Font Info:    No math alphabet change to frozen version normal on input l
ine 3490.
LaTeX Font Info:    No math alphabet change to frozen version normal on input l
ine 3491.
LaTeX Font Info:    No math alphabet change to frozen version normal on input l
ine 3493.
LaTeX Font Info:    No math alphabet change to frozen version normal on input l
ine 3495.
LaTeX Font Info:    No math alphabet change to frozen version normal on input l
ine 3495.
LaTeX Font Info:    No math alphabet change to frozen version normal on input l
ine 3498.
LaTeX Font Info:    No math alphabet change to frozen version normal on input l
ine 3498.
LaTeX Font Info:    No math alphabet change to frozen version normal on input l
ine 3498.
LaTeX Font Info:    No math alphabet change to frozen version normal on input l
ine 3502.
LaTeX Font Info:    No math alphabet change to frozen version normal on input l
ine 3505.
LaTeX Font Info:    No math alphabet change to frozen version normal on input l
ine 3506.
LaTeX Font Info:    No math alphabet change to frozen version normal on input l
ine 3506.
LaTeX Font Info:    No math alphabet change to frozen version normal on input l
ine 3506.
LaTeX Font Info:    No math alphabet change to frozen version normal on input l
ine 3507.
LaTeX Font Info:    No math alphabet change to frozen version normal on input l
ine 3508.
LaTeX Font Info:    No math alphabet change to frozen version normal on input l
ine 3508.
LaTeX Font Info:    No math alphabet change to frozen version normal on input l
ine 3508.
LaTeX Font Info:    No math alphabet change to frozen version normal on input l
ine 3509.
LaTeX Font Info:    No math alphabet change to frozen version normal on input l
ine 3509.
LaTeX Font Info:    No math alphabet change to frozen version normal on input l
ine 3510.
LaTeX Font Info:    No math alphabet change to frozen version normal on input l
ine 3511.
LaTeX Font Info:    No math alphabet change to frozen version normal on input l
ine 3511.
LaTeX Font Info:    No math alphabet change to frozen version normal on input l
ine 3513.
LaTeX Font Info:    No math alphabet change to frozen version normal on input l
ine 3514.


[51]
LaTeX Font Info:    No math alphabet change to frozen version normal on input l
ine 3522.
LaTeX Font Info:    No math alphabet change to frozen version normal on input l
ine 3523.
LaTeX Font Info:    No math alphabet change to frozen version normal on input l
ine 3523.
LaTeX Font Info:    No math alphabet change to frozen version normal on input l
ine 3524.
LaTeX Font Info:    No math alphabet change to frozen version normal on input l
ine 3524.
LaTeX Font Info:    No math alphabet change to frozen version normal on input l
ine 3525.
LaTeX Font Info:    No math alphabet change to frozen version normal on input l
ine 3525.
LaTeX Font Info:    No math alphabet change to frozen version normal on input l
ine 3526.
LaTeX Font Info:    No math alphabet change to frozen version normal on input l
ine 3527.
LaTeX Font Info:    No math alphabet change to frozen version normal on input l
ine 3527.
LaTeX Font Info:    No math alphabet change to frozen version normal on input l
ine 3528.
LaTeX Font Info:    No math alphabet change to frozen version normal on input l
ine 3529.
LaTeX Font Info:    No math alphabet change to frozen version normal on input l
ine 3529.
LaTeX Font Info:    No math alphabet change to frozen version normal on input l
ine 3530.
LaTeX Font Info:    No math alphabet change to frozen version normal on input l
ine 3531.
LaTeX Font Info:    No math alphabet change to frozen version normal on input l
ine 3532.
LaTeX Font Info:    No math alphabet change to frozen version normal on input l
ine 3534.
LaTeX Font Info:    No math alphabet change to frozen version normal on input l
ine 3534.
LaTeX Font Info:    No math alphabet change to frozen version normal on input l
ine 3535.
LaTeX Font Info:    No math alphabet change to frozen version normal on input l
ine 3535.
LaTeX Font Info:    No math alphabet change to frozen version normal on input l
ine 3536.
LaTeX Font Info:    No math alphabet change to frozen version normal on input l
ine 3537.
LaTeX Font Info:    No math alphabet change to frozen version normal on input l
ine 3546.
LaTeX Font Info:    No math alphabet change to frozen version normal on input l
ine 3552.
LaTeX Font Info:    No math alphabet change to frozen version normal on input l
ine 3556.
LaTeX Font Info:    No math alphabet change to frozen version normal on input l
ine 3557.
LaTeX Font Info:    No math alphabet change to frozen version normal on input l
ine 3560.
LaTeX Font Info:    No math alphabet change to frozen version normal on input l
ine 3570.
LaTeX Font Info:    No math alphabet change to frozen version normal on input l
ine 3573.
LaTeX Font Info:    No math alphabet change to frozen version normal on input l
ine 3583.
LaTeX Font Info:    No math alphabet change to frozen version normal on input l
ine 3588.
LaTeX Font Info:    No math alphabet change to frozen version normal on input l
ine 3589.
LaTeX Font Info:    No math alphabet change to frozen version normal on input l
ine 3596.
LaTeX Font Info:    No math alphabet change to frozen version normal on input l
ine 3597.
LaTeX Font Info:    No math alphabet change to frozen version normal on input l
ine 3597.
LaTeX Font Info:    No math alphabet change to frozen version normal on input l
ine 3598.
LaTeX Font Info:    No math alphabet change to frozen version normal on input l
ine 3598.
LaTeX Font Info:    No math alphabet change to frozen version normal on input l
ine 3599.


[52]
LaTeX Font Info:    No math alphabet change to frozen version normal on input l
ine 3605.
LaTeX Font Info:    No math alphabet change to frozen version normal on input l
ine 3605.
LaTeX Font Info:    No math alphabet change to frozen version normal on input l
ine 3606.
LaTeX Font Info:    No math alphabet change to frozen version normal on input l
ine 3608.
LaTeX Font Info:    No math alphabet change to frozen version normal on input l
ine 3609.
LaTeX Font Info:    No math alphabet change to frozen version normal on input l
ine 3610.
LaTeX Font Info:    No math alphabet change to frozen version normal on input l
ine 3614.
LaTeX Font Info:    No math alphabet change to frozen version normal on input l
ine 3618.
LaTeX Font Info:    No math alphabet change to frozen version normal on input l
ine 3622.
LaTeX Font Info:    No math alphabet change to frozen version normal on input l
ine 3623.
LaTeX Font Info:    No math alphabet change to frozen version normal on input l
ine 3626.
LaTeX Font Info:    No math alphabet change to frozen version normal on input l
ine 3632.
LaTeX Font Info:    No math alphabet change to frozen version normal on input l
ine 3636.
LaTeX Font Info:    No math alphabet change to frozen version normal on input l
ine 3648.
LaTeX Font Info:    No math alphabet change to frozen version normal on input l
ine 3650.
LaTeX Font Info:    No math alphabet change to frozen version normal on input l
ine 3650.
LaTeX Font Info:    No math alphabet change to frozen version normal on input l
ine 3651.
LaTeX Font Info:    No math alphabet change to frozen version normal on input l
ine 3652.
LaTeX Font Info:    No math alphabet change to frozen version normal on input l
ine 3661.
LaTeX Font Info:    No math alphabet change to frozen version normal on input l
ine 3664.
LaTeX Font Info:    No math alphabet change to frozen version normal on input l
ine 3666.
LaTeX Font Info:    No math alphabet change to frozen version normal on input l
ine 3671.


[53]
LaTeX Font Info:    No math alphabet change to frozen version normal on input l
ine 3680.
LaTeX Font Info:    No math alphabet change to frozen version normal on input l
ine 3682.
 (./appendices/vol3_homotopy_positive_cone.tex
LaTeX Font Info:    No math alphabet change to frozen version normal on input l
ine 1.
LaTeX Font Info:    No math alphabet change to frozen version normal on input l
ine 6.
LaTeX Font Info:    No math alphabet change to frozen version normal on input l
ine 11.
LaTeX Font Info:    No math alphabet change to frozen version normal on input l
ine 12.
LaTeX Font Info:    No math alphabet change to frozen version normal on input l
ine 12.
LaTeX Font Info:    No math alphabet change to frozen version normal on input l
ine 13.
LaTeX Font Info:    No math alphabet change to frozen version normal on input l
ine 13.
LaTeX Font Info:    No math alphabet change to frozen version normal on input l
ine 14.
LaTeX Font Info:    No math alphabet change to frozen version normal on input l
ine 16.
LaTeX Font Info:    No math alphabet change to frozen version normal on input l
ine 17.
LaTeX Font Info:    No math alphabet change to frozen version normal on input l
ine 21.
LaTeX Font Info:    No math alphabet change to frozen version normal on input l
ine 21.
LaTeX Font Info:    No math alphabet change to frozen version normal on input l
ine 22.
LaTeX Font Info:    No math alphabet change to frozen version normal on input l
ine 23.
LaTeX Font Info:    No math alphabet change to frozen version normal on input l
ine 23.
LaTeX Font Info:    No math alphabet change to frozen version normal on input l
ine 24.
LaTeX Font Info:    No math alphabet change to frozen version normal on input l
ine 24.
LaTeX Font Info:    No math alphabet change to frozen version normal on input l
ine 26.
LaTeX Font Info:    No math alphabet change to frozen version normal on input l
ine 26.
LaTeX Font Info:    No math alphabet change to frozen version normal on input l
ine 28.
LaTeX Font Info:    No math alphabet change to frozen version normal on input l
ine 28.
LaTeX Font Info:    No math alphabet change to frozen version normal on input l
ine 29.
LaTeX Font Info:    No math alphabet change to frozen version normal on input l
ine 29.
LaTeX Font Info:    No math alphabet change to frozen version normal on input l
ine 31.
LaTeX Font Info:    No math alphabet change to frozen version normal on input l
ine 31.
LaTeX Font Info:    No math alphabet change to frozen version normal on input l
ine 33.
LaTeX Font Info:    No math alphabet change to frozen version normal on input l
ine 33.
LaTeX Font Info:    No math alphabet change to frozen version normal on input l
ine 35.
LaTeX Font Info:    No math alphabet change to frozen version normal on input l
ine 35.
LaTeX Font Info:    Undo math alphabet allocation in version normal on input li
ne 38.
LaTeX Font Info:    No math alphabet change to frozen version normal on input l
ine 38.
LaTeX Font Info:    No math alphabet change to frozen version normal on input l
ine 40.
LaTeX Font Info:    No math alphabet change to frozen version normal on input l
ine 41.
LaTeX Font Info:    No math alphabet change to frozen version normal on input l
ine 49.
LaTeX Font Info:    No math alphabet change to frozen version normal on input l
ine 55.
LaTeX Font Info:    No math alphabet change to frozen version normal on input l
ine 60.
LaTeX Font Info:    No math alphabet change to frozen version normal on input l
ine 64.
LaTeX Font Info:    No math alphabet change to frozen version normal on input l
ine 68.


[54]
LaTeX Font Info:    No math alphabet change to frozen version normal on input l
ine 73.
LaTeX Font Info:    No math alphabet change to frozen version normal on input l
ine 74.
LaTeX Font Info:    No math alphabet change to frozen version normal on input l
ine 78.
LaTeX Font Info:    No math alphabet change to frozen version normal on input l
ine 82.
LaTeX Font Info:    No math alphabet change to frozen version normal on input l
ine 84.
LaTeX Font Info:    No math alphabet change to frozen version normal on input l
ine 84.
LaTeX Font Info:    No math alphabet change to frozen version normal on input l
ine 86.
LaTeX Font Info:    No math alphabet change to frozen version normal on input l
ine 94.
LaTeX Font Info:    No math alphabet change to frozen version normal on input l
ine 96.
LaTeX Font Info:    No math alphabet change to frozen version normal on input l
ine 99.
LaTeX Font Info:    No math alphabet change to frozen version normal on input l
ine 101.
LaTeX Font Info:    No math alphabet change to frozen version normal on input l
ine 103.
LaTeX Font Info:    No math alphabet change to frozen version normal on input l
ine 103.
) (out/proj.bbl

LaTeX Font Info:    No math alphabet change to frozen version normal on input l
ine 3.
[55]

[56

]
LaTeX Font Info:    Font shape `T1/EBGaramond-OsF/m/n' will be
(Font)              scaled to size 9.0pt on input line 4.
LaTeX Font Info:    Font shape `T1/EBGaramond-OsF/m/it' will be
(Font)              scaled to size 9.0pt on input line 13.
LaTeX Font Info:    Font shape `T1/EBGaramond-OsF/sb/n' will be
(Font)              scaled to size 9.0pt on input line 13.
LaTeX Font Info:    Font shape `T1/zi4/m/n' will be
(Font)              scaled to size 8.27998pt on input line 51.
LaTeX Font Info:    Font shape `OML/ntxebgmi/m/it' will be
(Font)              scaled to size 9.0pt on input line 51.
LaTeX Font Info:    Font shape `LMS/ntxsy/m/n' will be
(Font)              scaled to size 9.0pt on input line 51.
LaTeX Font Info:    Font shape `LMX/ntxexx/m/n' will be
(Font)              scaled to size 9.0pt on input line 51.
LaTeX Font Info:    Font shape `U/ntxmia/m/it' will be
(Font)              scaled to size 9.0pt on input line 51.
LaTeX Font Info:    Font shape `U/ntxsyc/m/n' will be
(Font)              scaled to size 9.0pt on input line 51.
LaTeX Font Info:    Font shape `U/ntxexa/m/n' will be
(Font)              scaled to size 9.0pt on input line 51.
LaTeX Font Info:    Font shape `T1/EBGaramond-OsF/b/n' will be
(Font)              scaled to size 9.0pt on input line 51.
LaTeX Font Info:    Font shape `OML/ntxebgmi/b/it' will be
(Font)              scaled to size 9.0pt on input line 51.
LaTeX Font Info:    Font shape `LMS/ntxsy/b/n' will be
(Font)              scaled to size 9.0pt on input line 51.
LaTeX Font Info:    Font shape `LMX/ntxexx/b/n' will be
(Font)              scaled to size 9.0pt on input line 51.
LaTeX Font Info:    No math alphabet change to frozen version normal on input l
ine 51.
LaTeX Font Info:    No math alphabet change to frozen version normal on input l
ine 63.
LaTeX Font Info:    No math alphabet change to frozen version normal on input l
ine 76.
LaTeX Font Info:    No math alphabet change to frozen version normal on input l
ine 88.
LaTeX Font Info:    No math alphabet change to frozen version normal on input l
ine 88.
LaTeX Font Info:    No math alphabet change to frozen version normal on input l
ine 111.
LaTeX Font Info:    No math alphabet change to frozen version normal on input l
ine 123.
LaTeX Font Info:    No math alphabet change to frozen version normal on input l
ine 123.
LaTeX Font Info:    No math alphabet change to frozen version normal on input l
ine 149.
LaTeX Font Info:    No math alphabet change to frozen version normal on input l
ine 161.
LaTeX Font Info:    No math alphabet change to frozen version normal on input l
ine 174.
LaTeX Font Info:    No math alphabet change to frozen version normal on input l
ine 174.
LaTeX Font Info:    No math alphabet change to frozen version normal on input l
ine 174.
LaTeX Font Info:    No math alphabet change to frozen version normal on input l
ine 186.
LaTeX Font Info:    No math alphabet change to frozen version normal on input l
ine 198.
LaTeX Font Info:    No math alphabet change to frozen version normal on input l
ine 211.
LaTeX Font Info:    No math alphabet change to frozen version normal on input l
ine 224.
LaTeX Font Info:    No math alphabet change to frozen version normal on input l
ine 235.


[57{/usr/local/texlive/2025/texmf-dist/fonts/enc/dvips/inconsolata/i4-t1-0.enc}
checksum mismatch in font ntxebgmia.vf ignored
character width mismatch in font ntxebgmia.vf ignored
character width mismatch in font ntxebgmia.vf ignored
character width mismatch in font ntxebgmia.vf ignored
character width mismatch in font ntxebgmia.vf ignored
character width mismatch in font ntxebgmia.vf ignored
character width mismatch in font ntxebgmia.vf ignored
character width mismatch in font ntxebgmia.vf ignored
character width mismatch in font ntxebgmia.vf ignored
character width mismatch in font ntxebgmia.vf ignored]
LaTeX Font Info:    No math alphabet change to frozen version normal on input l
ine 295.
LaTeX Font Info:    No math alphabet change to frozen version normal on input l
ine 310.
LaTeX Font Info:    No math alphabet change to frozen version normal on input l
ine 324.
LaTeX Font Info:    No math alphabet change to frozen version normal on input l
ine 333.
LaTeX Font Info:    No math alphabet change to frozen version normal on input l
ine 346.
LaTeX Font Info:    No math alphabet change to frozen version normal on input l
ine 359.
)

[58]
\tf@toc=\write6
\openout6 = `proj.toc'.

 (out/proj.aux)
 ***********
LaTeX2e <2024-11-01> patch level 2
L3 programming layer <2020/03/25>
 ***********
 ) 
Here is how much of TeX's memory you used:
 42737 strings out of 473190
 797690 string characters out of 5715801
 1205570 words of memory out of 5000000
 64099 multiletter control sequences out of 15000+600000
 1098393 words of font info for 769 fonts, out of 8000000 for 9000
 1141 hyphenation exceptions out of 8191
 122i,15n,141p,1001b,2535s stack positions out of 10000i,1000n,20000p,200000b,200000s
</usr/local/texlive/2025/texmf-dist/fonts/type1/public/ebgaramond/EBGaramond-
Bold.pfb></usr/local/texlive/2025/texmf-dist/fonts/type1/public/ebgaramond/EBGa
ramond-Italic.pfb></usr/local/texlive/2025/texmf-dist/fonts/type1/public/ebgara
mond/EBGaramond-Regular.pfb></usr/local/texlive/2025/texmf-dist/fonts/type1/pub
lic/ebgaramond/EBGaramond-SemiBold.pfb></usr/local/texlive/2025/texmf-dist/font
s/type1/public/inconsolata/Inconsolata-zi4r.pfb></usr/local/texlive/2025/texmf-
dist/fonts/type1/public/newtx/NewTXMI.pfb></usr/local/texlive/2025/texmf-dist/f
onts/type1/adobe/sourcesanspro/SourceSansPro-Regular.pfb></usr/local/texlive/20
25/texmf-dist/fonts/type1/public/newtx/ebgMI.pfb></usr/local/texlive/2025/texmf
-dist/fonts/type1/public/newtx/ebgMRM.pfb></usr/local/texlive/2025/texmf-dist/f
onts/type1/public/amsfonts/symbols/msam10.pfb></usr/local/texlive/2025/texmf-di
st/fonts/type1/public/amsfonts/symbols/msam7.pfb></usr/local/texlive/2025/texmf
-dist/fonts/type1/public/amsfonts/symbols/msbm10.pfb></usr/local/texlive/2025/t
exmf-dist/fonts/type1/public/rsfs/rsfs10.pfb></usr/local/texlive/2025/texmf-dis
t/fonts/type1/public/newtx/txexs.pfb></usr/local/texlive/2025/texmf-dist/fonts/
type1/public/newtx/txmiaSTbb.pfb></usr/local/texlive/2025/texmf-dist/fonts/type
1/public/newtx/txmiaX.pfb></usr/local/texlive/2025/texmf-dist/fonts/type1/publi
c/txfonts/txsyc.pfb></usr/local/texlive/2025/texmf-dist/fonts/type1/public/newt
x/txsys.pfb>
Output written on out/proj.pdf (58 pages, 485582 bytes).
PDF statistics:
 888 PDF objects out of 1000 (max. 8388607)
 781 compressed objects within 8 object streams
 321 named destinations out of 1000 (max. 500000)
 223369 words of extra memory for PDF output out of 266212 (max. 10000000)

